Date,Home Team,Home Score,Away Team,Away Score
2026-03-19,Valle Catholic,3,Advance,6
2026-03-19,DeSoto,12,Arcadia Valley,5
2026-03-19,Marion C. Early,2,Ash Grove,12
2026-03-19,Bolivar,0,Aurora,10
2026-03-19,Lafayette (St. Joseph),8,Bishop LeBlond,6
2026-03-19,Plato,11,Bismarck,4
2026-03-19,Liberty,4,Blue Springs,1
2026-03-19,Wellington-Napoleon,15,Braymer with Breckenridge,0
2026-03-19,Crocker,14,Cabool,2
2026-03-19,Gainesville,10,Cassville,5
2026-03-19,Charleston,1,Central (Cape Girardeau),16
2026-03-19,St. Pius X (Festus),3,Central (Cape Girardeau),4
2026-03-19,Clarkton,2,Central (New Madrid County),12
2026-03-19,Seckman,1,Christian Brothers College,0
2026-03-19,Scott County Central,1,Cooter,16
2026-03-19,Rock Bridge,8,De Smet Jesuit,7
2026-03-19,Ft. Zumwalt East,8,Duchesne,2
2026-03-19,Osage,0,Eugene,7
2026-03-19,Francis Howell Central,1,Eureka,3
2026-03-19,Reeds Spring,3,Fordland,11
2026-03-19,Dadeville,0,Forsyth,14
2026-03-19,Union,1,Francis Howell,6
2026-03-19,Holt,4,Francis Howell North,19
2026-03-19,St. Dominic,12,Ft. Zumwalt South,3
2026-03-19,Timberland,1,Ft. Zumwalt West,3
2026-03-19,Lee's Summit West,7,Grain Valley,3
2026-03-19,Troy Buchanan,7,Hannibal,3
2026-03-19,Dixon,14,Hermann,3
2026-03-19,Branson,3,Hickman,7
2026-03-19,Halfway,16,Humansville with Fair Play,0
2026-03-19,Rockhurst,12,Kearney,11
2026-03-19,Warrenton,0,Kirkwood,8
2026-03-19,Oakville,4,Lafayette (Wildwood),7
2026-03-19,St. Pius X (Kansas City),3,Lee's Summit North,1
2026-03-19,Grain Valley,3,Lee's Summit West,7
2026-03-19,Blue Springs,1,Liberty,4
2026-03-19,Platte County,3,Liberty North,7
2026-03-19,Center,1,Lincoln College Prep,4
2026-03-19,Vianney,3,Lindbergh,2
2026-03-19,Licking,1,Logan-Rogersville,0
2026-03-19,Thayer,3,Mansfield,4
2026-03-19,Richmond,4,Marshall,6
2026-03-19,Lutheran St. Charles,2,Mehlville,12
2026-03-19,Duchesne,10,Montgomery County,0
2026-03-19,Clearwater,0,Naylor,13
2026-03-19,Westminster Christian Academy,13,Neosho,11
2026-03-19,Sarcoxie,3,New Heights Christian,6
2026-03-19,Greenfield with Golden City,15,Niangua,0
2026-03-19,Webster Groves,12,Northwest (Cedar Hill),9
2026-03-19,Hurley,0,Norwood,12
2026-03-19,William Chrisman,5,Oak Park,6
2026-03-19,Greenville,18,Oak Ridge,0
2026-03-19,Lafayette (Wildwood),7,Oakville,4
2026-03-19,Stover,0,Otterville,10
2026-03-19,Hazelwood West,1,Owensville,11
2026-03-19,Lebanon,4,Park Hill South,8
2026-03-19,Liberty North,7,Platte County,3
2026-03-19,Osborn with Stewartsville,0,Plattsburg,18
2026-03-19,Valley,0,Potosi,10
2026-03-19,Hillcrest,4,Republic,13
2026-03-19,Grandview,18,Ruskin,0
2026-03-19,Westran,5,Russellville,13
2026-03-19,Higbee,0,Salisbury,15
2026-03-19,Christian Brothers College,0,Seckman,1
2026-03-19,St. Vincent,2,Sikeston,7
2026-03-19,Harrisburg,0,Slater,8
2026-03-19,Belle,4,South Callaway,14
2026-03-19,Central (Park Hills),5,St. Charles,9
2026-03-19,Bismarck,6,Steelville,1
2026-03-19,Plato,8,Steelville,10
2026-03-19,St. Francis Borgia,11,Sullivan,1
2026-03-19,Iberia,0,Tipton,2
2026-03-19,Cameron,11,Trenton,10
2026-03-19,Raymore-Peculiar,7,Truman,4
2026-03-19,Eldon,6,Versailles,1
2026-03-19,Summersville,20,Viburnum,1
2026-03-19,Skyline,9,Warsaw,7
2026-03-19,Carl Junction,2,Webb City,0
2026-03-19,Galena,0,Wheaton,9
2026-03-19,Marshfield,3,Willard,11
2026-03-20,Neelyville,5,Alton,8
2026-03-20,Miami (Amoret),2,Appleton City,11
2026-03-20,Osceola,2,Archie,17
2026-03-20,Billings,3,Ash Grove,13
2026-03-20,Forsyth,6,Aurora,7
2026-03-20,Bakersfield,0,Ava,10
2026-03-20,Central (New Madrid County),2,Bernie,8
2026-03-20,Bourbon,1,Bismarck,11
2026-03-20,Senath-Hornersville,4,Bloomfield,2
2026-03-20,Lee's Summit North,11,Blue Springs,1
2026-03-20,Dadeville,0,Bolivar,18
2026-03-20,Owensville,3,Boonville,4
2026-03-20,Raytown South,5,Boonville,8
2026-03-20,Portageville,11,Cabool,2
2026-03-20,St. Elizabeth,14,California,4
2026-03-20,Plattsburg,7,Cameron,5
2026-03-20,Sarcoxie,1,Carthage,11
2026-03-20,South Pemiscot,0,Caruthersville with Hayti,5
2026-03-20,El Dorado Springs,9,Cassville,5
2026-03-20,Brentwood,1,Clayton,5
2026-03-20,Brentwood,1,Clayton,14
2026-03-20,Holcomb,20,Clearwater,0
2026-03-20,Elsberry,6,Clopton,7
2026-03-20,Green Ridge with La Monte,16,Crest Ridge,1
2026-03-20,Hermitage,2,Crocker,9
2026-03-20,Jasper,2,Diamond,9
2026-03-20,Maysville,22,East Buchanan,11
2026-03-20,Miller,1,East Newton,2
2026-03-20,Charleston,2,East Prairie,12
2026-03-20,Centralia,14,Eugene,4
2026-03-20,North Point,1,Eureka,2
2026-03-20,Raytown,1,Excelsior Springs,14
2026-03-20,Rock Port,3,Faith Christian Academy,10
2026-03-20,Fox,1,Festus,16
2026-03-20,Troy Buchanan,11,Francis Howell North,4
2026-03-20,Saxony Lutheran,15,Fredericktown,0
2026-03-20,Jackson,9,Ft. Zumwalt North,0
2026-03-20,Francis Howell,13,Ft. Zumwalt South,0
2026-03-20,Seckman,4,Ft. Zumwalt West,5
2026-03-20,Braymer with Breckenridge,0,Gilman City with North Daviess,8
2026-03-20,St. Michael the Archangel,5,Glendale,6
2026-03-20,St. Pius X (Kansas City),3,Grain Valley,2
2026-03-20,Capital City,16,Grandview,0
2026-03-20,Bowling Green,4,Hallsville,3
2026-03-20,Holt,6,Hannibal,13
2026-03-20,"Northwestern (Mendon) with Brunswick, Keytesville",28,Harrisburg,9
2026-03-20,Wright City,8,Herculaneum,7
2026-03-20,Linn,3,Hermann,0
2026-03-20,Mexico,0,Hickman,13
2026-03-20,Sacred Heart,7,Iberia,6
2026-03-20,Madison,0,Jamestown,13
2026-03-20,Ozark,14,Jefferson City,6
2026-03-20,West Nodaway with Nodaway-Holt,7,King City with Union Star,4
2026-03-20,West County,10,Kingston,0
2026-03-20,Pattonville,4,Kirkwood,6
2026-03-20,Ft. Zumwalt East,9,Kirkwood,3
2026-03-20,Webster Groves,5,Lafayette (Wildwood),14
2026-03-20,Macks Creek,1,Lakeland,11
2026-03-20,Butler,1,Lamar,11
2026-03-20,St. Michael the Archangel,11,Lebanon,4
2026-03-20,Carl Junction,3,Lee's Summit,13
2026-03-20,Liberty North,15,Lee's Summit West,4
2026-03-20,Clinton,7,Leeton,2
2026-03-20,Kearney,6,Liberty,7
2026-03-20,Ellington,3,Liberty (Mountain View),17
2026-03-20,Winona,1,Liberty (Mountain View),16
2026-03-20,Parkway South,0,Liberty (Wentzville),4
2026-03-20,Lee's Summit West,4,Liberty North,15
2026-03-20,Mehlville,5,Lindbergh,12
2026-03-20,Hermann,0,Linn,3
2026-03-20,Northwest (Hughesville),4,Lone Jack,10
2026-03-20,Vianney,7,Lutheran St. Charles,0
2026-03-20,Atlanta,14,Marceline,11
2026-03-20,Spokane,5,Marion C. Early,3
2026-03-20,Mark Twain,18,Marion County,3
2026-03-20,Marion County,3,Mark Twain,18
2026-03-20,Helias Catholic,1,Marquette,7
2026-03-20,Savannah,8,Marshfield,7
2026-03-20,Lindbergh,12,Mehlville,5
2026-03-20,Lebanon,3,Mexico,12
2026-03-20,Maryville,3,Mid-Buchanan,5
2026-03-20,Community,3,New Haven,1
2026-03-20,Meadville with Linn County,10,"Newtown-Harris with Grundy County, Tri-County",0
2026-03-20,Notre Dame (Cape Girardeau),10,North County,0
2026-03-20,Jefferson (Festus),4,North County,7
2026-03-20,North Nodaway,0,North Harrison,16
2026-03-20,Eureka,2,North Point,1
2026-03-20,St. Joseph Christian,12,Northeast Nodaway with Worth County,2
2026-03-20,Oakville,7,Northwest (Cedar Hill),2
2026-03-20,Jefferson (Festus),2,Notre Dame (Cape Girardeau),11
2026-03-20,Capital City,6,Oak Park,0
2026-03-20,Delta,1,Oak Ridge,10
2026-03-20,Sullivan,16,Osage,8
2026-03-20,Slater,6,Otterville,4
2026-03-20,East Carter,6,Owensville,1
2026-03-20,Poplar Bluff,8,Park Hill South,1
2026-03-20,Battle with Columbia Independent,4,Parkway Central,0
2026-03-20,Liberty (Wentzville),4,Parkway South,0
2026-03-20,Gallatin,13,Pattonsburg with Winston,0
2026-03-20,Crystal City,2,Perryville,5
2026-03-20,Verona,1,Pierce City,16
2026-03-20,Rockhurst,9,Platte County,1
2026-03-20,Richmond,6,Pleasant Hill,16
2026-03-20,Savannah,8,Poplar Bluff,9
2026-03-20,Thayer,4,Portageville,2
2026-03-20,Penney,1,Princeton,9
2026-03-20,Exeter,3,Purdy,13
2026-03-20,Albany,3,Putnam County,6
2026-03-20,Farmington,5,Rockwood Summit,6
2026-03-20,Father Tolton,12,Salisbury,2
2026-03-20,Kingsville,4,Santa Fe with Norborne,0
2026-03-20,Monroe City,1,Silex,16
2026-03-20,Fordland,9,Skyline,7
2026-03-20,Raymore-Peculiar,10,Smith-Cotton,7
2026-03-20,Puxico,13,South Iron,3
2026-03-20,Stanberry,0,South Nodaway with Jefferson (Conception),6
2026-03-20,Monett,20,Southwest (Washburn),2
2026-03-20,Montgomery County,10,St. Charles,4
2026-03-20,SLUH,7,St. Charles West,0
2026-03-20,Herculaneum,6,St. Clair,7
2026-03-20,Wright City,1,St. Clair,8
2026-03-20,Belle,8,St. Francis Borgia,6
2026-03-20,Clever,20,St. James,3
2026-03-20,Smithville,1,Staley,11
2026-03-20,Hillsboro,15,Ste. Genevieve,0
2026-03-20,Warsaw,0,Strafford,10
2026-03-20,Paris with Faith Walk,6,Sturgeon,11
2026-03-20,Stover,3,Sweet Springs,13
2026-03-20,Christian Brothers College,9,Timberland,9
2026-03-20,North Kansas City,5,Truman,11
2026-03-20,St. Dominic,10,Union,0
2026-03-20,Hillsboro,6,Valle Catholic,7
2026-03-20,Warrenton,3,Valley Park,2
2026-03-20,Scott City,12,Van Buren,2
2026-03-20,Lathrop,0,Van Horn,4
2026-03-20,Lincoln,2,Versailles,10
2026-03-20,Missouri Military Academy,0,Vienna,15
2026-03-20,Conway,4,Waynesville,15
2026-03-20,Climax Springs,0,Weaubleau,10
2026-03-20,Lafayette (Wildwood),14,Webster Groves,5
2026-03-20,South Holt,1,West Platte,11
2026-03-20,Buffalo,3,Wheatland,6
2026-03-20,Dexter,0,Willard,8
2026-03-20,Mansfield,8,Willow Springs,1
2026-03-20,Concordia,2,Windsor,4
2026-03-20,Northeast (Kansas City),1,Winnetonka,18
2026-03-20,Viburnum,2,Woodland,13
2026-03-21,Plattsburg,13,Albany,2
2026-03-21,Houston,0,Alton,1
2026-03-21,West Plains,4,Belton,2
2026-03-21,Mountain Grove,5,Belton,1
2026-03-21,St. Elizabeth,8,Blair Oaks,9
2026-03-21,St. Pius X (Kansas City),14,Blue Springs,4
2026-03-21,El Dorado Springs,3,Bolivar,10
2026-03-21,Branson,7,Boonville,8
2026-03-21,Green City,0,Brookfield,10
2026-03-21,Licking,20,Buffalo,2
2026-03-21,Strafford,12,Buffalo,1
2026-03-21,Diamond,22,Butler,0
2026-03-21,Blair Oaks,14,Camdenton,3
2026-03-21,St. Elizabeth,9,Camdenton,13
2026-03-21,Lawson,3,Carrollton,9
2026-03-21,Lone Jack,8,Carrollton,9
2026-03-21,Savannah,8,Carthage,7
2026-03-21,East Carter,10,Carthage,3
2026-03-21,Dadeville,7,Cassville,15
2026-03-21,Tipton,2,Chillicothe,13
2026-03-21,Hallsville,5,Clark County,6
2026-03-21,Scott City,18,Clarkton,0
2026-03-21,Winfield,15,Clopton,16
2026-03-21,Hartville,17,Crane,0
2026-03-21,Southwest (Washburn),8,Crane,5
2026-03-21,Weaubleau,1,Crocker,16
2026-03-21,Veritas Christian Academy,5,Crocker,4
2026-03-21,Fox,3,DeSoto,7
2026-03-21,Fatima,3,DeSoto,5
2026-03-21,Smith-Cotton,12,Dexter,6
2026-03-21,Richland,2,Eldon,13
2026-03-21,Linn,1,Eldon,2
2026-03-21,Odessa,7,Excelsior Springs,10
2026-03-21,Summit Christian Academy,7,Excelsior Springs,4
2026-03-21,Higbee,1,Fayette,4
2026-03-21,Fatima,0,Festus,14
2026-03-21,Gainesville,3,Forsyth,1
2026-03-21,St. Dominic,2,Francis Howell,13
2026-03-21,North Point,0,Francis Howell Central,3
2026-03-21,Hannibal,4,Francis Howell North,6
2026-03-21,Parkway Central,17,Ft. Zumwalt North,1
2026-03-21,Battle with Columbia Independent,11,Ft. Zumwalt North,5
2026-03-21,Union,14,Ft. Zumwalt South,2
2026-03-21,Christian Brothers College,9,Ft. Zumwalt West,11
2026-03-21,Palmyra,10,Fulton,8
2026-03-21,Mexico,7,Glendale,13
2026-03-21,Poplar Bluff,3,Glendale,4
2026-03-21,Jefferson City,20,Grandview,2
2026-03-21,Oak Park,19,Grandview,3
2026-03-21,Arcadia Valley,5,Greenville,15
2026-03-21,Southwest (Washburn),0,Hartville,9
2026-03-21,Stoutland,5,Hermitage,4
2026-03-21,St. Michael the Archangel,3,Hickman,5
2026-03-21,South Pemiscot,4,Holcomb,0
2026-03-21,Van Buren,3,Holcomb,1
2026-03-21,Troy Buchanan,6,Holt,1
2026-03-21,Alton,1,Houston,0
2026-03-21,Ellington,2,Houston,11
2026-03-21,Parkway Central,0,Jackson,9
2026-03-21,Battle with Columbia Independent,1,Jackson,8
2026-03-21,Oak Park,2,Jefferson City,9
2026-03-21,Fort Osage,1,Joplin,6
2026-03-21,Kelly,4,Kennett,1
2026-03-21,North County,11,Kingston,0
2026-03-21,North Callaway,3,Kirksville,5
2026-03-21,St. Charles,2,Kirkwood,9
2026-03-21,Lincoln,7,Knob Noster,6
2026-03-21,Russellville,3,Knob Noster,4
2026-03-21,Northwest (Cedar Hill),2,Lafayette (Wildwood),10
2026-03-21,Lincoln,4,Lafayette County,2
2026-03-21,Russellville,21,Lafayette County,1
2026-03-21,Jasper,0,Lamar,16
2026-03-21,Lone Jack,5,Lawson,20
2026-03-21,Pleasant Hill,4,Lee's Summit,5
2026-03-21,Springfield Catholic,2,Lee's Summit,13
2026-03-21,Kearney,7,Lee's Summit West,3
2026-03-21,Grain Valley,6,Liberty,9
2026-03-21,Portageville,5,Liberty (Mountain View),3
2026-03-21,Rockhurst,4,Liberty North,7
2026-03-21,Strafford,2,Licking,5
2026-03-21,Lutheran St. Charles,2,Lindbergh,9
2026-03-21,Purdy,14,Lockwood,4
2026-03-21,Seymour,5,Lockwood,7
2026-03-21,Atlanta,0,Macon,2
2026-03-21,Pacific,3,Marquette,6
2026-03-21,Chillicothe,15,Marshall,4
2026-03-21,Tipton,2,Marshall,7
2026-03-21,Mexico,5,Marshfield,6
2026-03-21,Poplar Bluff,4,Marshfield,11
2026-03-21,North Platte,16,Maysville,11
2026-03-21,Northland Christian,6,Maysville,17
2026-03-21,Vianney,10,Mehlville,0
2026-03-21,Princeton,6,Milan,3
2026-03-21,Portageville,2,Miller,5
2026-03-21,Thayer,3,Miller,7
2026-03-21,Clark County,0,Moberly,9
2026-03-21,Hallsville,3,Moberly,7
2026-03-21,Skyline,8,Mt. Vernon,11
2026-03-21,Stockton,0,Mt. Vernon,4
2026-03-21,Winona,1,Naylor,16
2026-03-21,Van-Far,3,New Bloomfield,13
2026-03-21,Wheatland,0,New Bloomfield,10
2026-03-21,Northland Christian,16,North Platte,8
2026-03-21,Sweet Springs,2,Northwest (Hughesville),3
2026-03-21,Jefferson City,9,Oak Park,2
2026-03-21,Webster Groves,3,Oakville,10
2026-03-21,Summit Christian Academy,22,Odessa,8
2026-03-21,Hickman,1,Ozark,3
2026-03-21,St. Michael the Archangel,9,Ozark,14
2026-03-21,Jackson,9,Parkway Central,0
2026-03-21,SLUH,12,Parkway South,2
2026-03-21,St. Charles West,12,Parkway South,11
2026-03-21,Valley Park,7,Pattonville,3
2026-03-21,Springfield Catholic,12,Pleasant Hill,3
2026-03-21,Seymour,2,Purdy,12
2026-03-21,Twin Rivers,5,Puxico,4
2026-03-21,Joplin,3,Raymore-Peculiar,6
2026-03-21,Branson,10,Raytown South,0
2026-03-21,Monett,3,Reeds Spring,1
2026-03-21,Linn,8,Richland,2
2026-03-21,Rolla,0,Rock Bridge,5
2026-03-21,Republic,8,Rock Bridge,9
2026-03-21,Liberty North,7,Rockhurst,4
2026-03-21,Windsor (Imperial),0,Rockwood Summit,22
2026-03-21,Republic,3,Rolla,4
2026-03-21,Cuba,11,Salem,1
2026-03-21,Vienna,12,Salem,1
2026-03-21,Charleston,17,Scott County Central,5
2026-03-21,Timberland,8,Seckman,6
2026-03-21,Stockton,3,Skyline,2
2026-03-21,Liberty (Wentzville),0,SLUH,4
2026-03-21,Maryville,0,Smithville,10
2026-03-21,Kirksville,2,South Callaway,3
2026-03-21,North Callaway,8,South Callaway,2
2026-03-21,Van Buren,10,South Pemiscot,2
2026-03-21,Fulton,0,Southern Boone,10
2026-03-21,Palmyra,5,Southern Boone,12
2026-03-21,Parkway South,11,St. Charles West,12
2026-03-21,Liberty (Wentzville),4,St. Charles West,14
2026-03-21,Orchard Farm,16,Ste. Genevieve,9
2026-03-21,Miller,7,Thayer,3
2026-03-21,Winona,11,Thayer,12
2026-03-21,Brookfield,2,Trenton,8
2026-03-21,Green City,9,Trenton,18
2026-03-21,Orchard Farm,5,Valle Catholic,3
2026-03-21,Wheatland,15,Van-Far,11
2026-03-21,Duchesne,5,Warrenton,0
2026-03-21,Marquette,7,Washington,2
2026-03-21,Pacific,3,Washington,4
2026-03-21,Cuba,2,Waynesville,5
2026-03-21,Vienna,2,Waynesville,1
2026-03-21,Veritas Christian Academy,13,Weaubleau,3
2026-03-21,Notre Dame (Cape Girardeau),5,West County,6
2026-03-21,Lathrop,0,Winnetonka,10
2026-03-23,Lincoln,8,Archie,3
2026-03-23,Pleasant Hope,0,Ash Grove,6
2026-03-23,Metro,0,Bayless,12
2026-03-23,Marion C. Early,7,Billings,5
2026-03-23,Benton,12,Bishop LeBlond,0
2026-03-23,Risco,3,Bloomfield,14
2026-03-23,Exeter,15,Blue Eye,0
2026-03-23,Platte County,10,Blue Springs,6
2026-03-23,Clinton,7,Bolivar,8
2026-03-23,Dixon,10,Bourbon,0
2026-03-23,Plattsburg,11,Braymer with Breckenridge,0
2026-03-23,Skyline,10,Buffalo,0
2026-03-23,Jasper,20,Butler,7
2026-03-23,Norwood,15,Cabool,0
2026-03-23,Eugene,7,California,6
2026-03-23,Marceline,6,Cameron,7
2026-03-23,South Pemiscot,1,Campbell,3
2026-03-23,Center,18,Central (Kansas City),0
2026-03-23,Scott County Central,0,Central (New Madrid County),15
2026-03-23,Montgomery County,3,Centralia,8
2026-03-23,West County,14,Clearwater,1
2026-03-23,Spokane,2,Clever,9
2026-03-23,Wellsville-Middletown,1,Community,11
2026-03-23,Seymour,8,Crane,10
2026-03-23,Richland,6,Cuba,3
2026-03-23,El Dorado Springs,13,Dadeville,8
2026-03-23,Chaffee,11,Delta,0
2026-03-23,Farmington,14,DeSoto,6
2026-03-23,Lincoln College Prep,16,East (Kansas City),4
2026-03-23,Albany,7,East Buchanan,5
2026-03-23,Greenville,26,Ellington,4
2026-03-23,Francis Howell,4,Eureka,3
2026-03-23,Palmyra,3,Father Tolton,2
2026-03-23,Marionville,4,Fordland,7
2026-03-23,Central (Springfield),1,Forsyth,20
2026-03-23,Lee's Summit,13,Fort Osage,14
2026-03-23,Eureka,3,Francis Howell,4
2026-03-23,St. Dominic,4,Francis Howell Central,6
2026-03-23,Seckman,4,Francis Howell North,3
2026-03-23,Parkway South,7,Ft. Zumwalt North,12
2026-03-23,Troy Buchanan,7,Ft. Zumwalt West,8
2026-03-23,North Callaway,10,Fulton,6
2026-03-23,Verona,0,Galena,16
2026-03-23,Maplewood-Richmond Hts.,20,Gateway Science Charter,0
2026-03-23,Bismarck,15,Grandview (Hillsboro),19
2026-03-23,Walnut Grove,16,Greenfield with Golden City,4
2026-03-23,Weaubleau,0,Greenwood,6
2026-03-23,Timberland,16,Hannibal,1
2026-03-23,Fatima,1,Helias Catholic,8
2026-03-23,Meadville with Linn County,7,Higbee,3
2026-03-23,Scotland County,12,Highland,2
2026-03-23,Gideon,2,Holcomb,11
2026-03-23,Aurora,8,Hollister,9
2026-03-23,Christian Brothers College,11,Holt,1
2026-03-23,Plato,0,Houston,15
2026-03-23,Wheaton,17,Hurley,2
2026-03-23,SLUH,7,Jackson,8
2026-03-23,Brentwood,4,Jefferson (Festus),5
2026-03-23,Northeast Nodaway with Worth County,1,King City with Union Star,11
2026-03-23,Central (St. Joseph),9,Lafayette (St. Joseph),0
2026-03-23,Lindbergh,0,Lafayette (Wildwood),1
2026-03-23,Diamond,8,Lamar,2
2026-03-23,South Harrison,2,Lawson,8
2026-03-23,Kearney,8,Lee's Summit North,4
2026-03-23,St. Pius X (Kansas City),1,Lee's Summit West,3
2026-03-23,Appleton City,11,Leeton,5
2026-03-23,Bell City,5,Leopold,4
2026-03-23,Rockhurst,1,Liberty,10
2026-03-23,Mansfield,14,Liberty (Mountain View),5
2026-03-23,Grain Valley,6,Liberty North,8
2026-03-23,Mt. Vernon,3,Licking,8
2026-03-23,Lafayette (Wildwood),1,Lindbergh,0
2026-03-23,Southwest (Washburn),5,Lockwood,8
2026-03-23,Ava,2,Logan-Rogersville,11
2026-03-23,Silex,13,Louisiana,0
2026-03-23,Hazelwood West,11,Lutheran North,8
2026-03-23,Hermitage,8,Macks Creek,5
2026-03-23,Charleston,15,Malden,7
2026-03-23,Gateway Science Charter,0,Maplewood-Richmond Hts.,20
2026-03-23,East Prairie,3,Meadow Heights,13
2026-03-23,Northwest (Cedar Hill),5,Mehlville,6
2026-03-23,Maysville,7,Mid-Buchanan,3
2026-03-23,Lone Jack,20,Midway,5
2026-03-23,Halfway,13,Montrose with Ballard,1
2026-03-23,East Carter,16,Naylor,0
2026-03-23,Bernie,8,Neelyville,9
2026-03-23,Missouri Military Academy,1,New Bloomfield,11
2026-03-23,Fayette,14,New Franklin,3
2026-03-23,"Northwestern (Mendon) with Brunswick, Keytesville",18,"Newtown-Harris with Grundy County, Tri-County",0
2026-03-23,Excelsior Springs,15,North Kansas City,4
2026-03-23,Canton,4,North Shelby,5
2026-03-23,Truman,1,Oak Grove,5
2026-03-23,William Chrisman,3,Oak Grove,4
2026-03-23,Vianney,2,Oakville,3
2026-03-23,Iberia,6,Osage,4
2026-03-23,Gilman City with North Daviess,15,Osborn with Stewartsville,3
2026-03-23,Madison,0,Paris with Faith Walk,15
2026-03-23,Liberty (Wentzville),5,Parkway Central,9
2026-03-23,Ft. Zumwalt North,12,Parkway South,7
2026-03-23,Glasgow,0,Pilot Grove,10
2026-03-23,Smithville,2,Raymore-Peculiar,10
2026-03-23,Van Horn,20,Ruskin,0
2026-03-23,Eldon,22,Russellville,8
2026-03-23,Versailles,1,Sacred Heart,9
2026-03-23,Steelville,3,Salem,11
2026-03-23,Cole Camp,12,Santa Fe with Norborne,2
2026-03-23,Clark County,4,Schuyler County,9
2026-03-23,Doniphan,12,Senath-Hornersville,0
2026-03-23,Holden,13,Sherwood,1
2026-03-23,Kelly,8,Sikeston,9
2026-03-23,Concordia,20,Smithton,3
2026-03-23,Arcadia Valley,4,South Iron,5
2026-03-23,North Platte,18,South Nodaway with Jefferson (Conception),0
2026-03-23,Willard,16,Springfield Catholic,7
2026-03-23,Battle with Columbia Independent,15,St. Charles West,0
2026-03-23,Jamestown,2,St. Elizabeth,11
2026-03-23,Potosi,7,St. Pius X (Festus),8
2026-03-23,Park Hill South,4,Staley,2
2026-03-23,"Tarkio with Fairfax, Craig",16,Stanberry,0
2026-03-23,Strafford,15,Stockton,0
2026-03-23,Belle,4,Sullivan,10
2026-03-23,Willow Springs,2,Thayer,6
2026-03-23,Carrollton,13,Trenton,2
2026-03-23,Ft. Zumwalt West,8,Troy Buchanan,7
2026-03-23,St. Michael the Archangel,10,Truman,11
2026-03-23,North Point,4,Union,5
2026-03-23,Kennett,11,Van Buren,4
2026-03-23,New Haven,2,Veritas Christian Academy,6
2026-03-23,Knob Noster,0,Warrensburg,8
2026-03-23,Green Ridge with La Monte,11,Warsaw,12
2026-03-23,Lutheran St. Charles,7,Webster Groves,6
2026-03-23,La Plata,3,Westran,13
2026-03-23,Liberal,1,Wheatland,14
2026-03-23,Adrian,5,Windsor,8
2026-03-23,Pattonville,5,Windsor (Imperial),0
2026-03-24,Appleton City,4,Archie,5
2026-03-24,Fordland,8,Ash Grove,12
2026-03-24,Marshfield,9,Aurora,3
2026-03-24,Advance,5,Bell City,2
2026-03-24,Pleasant Hill,10,Belton,5
2026-03-24,Woodland,3,Bernie,12
2026-03-24,Viburnum,0,Bismarck,15
2026-03-24,Pierce City,13,Blue Eye,3
2026-03-24,Blair Oaks,5,Boonville,6
2026-03-24,Milan,0,Brashear with Novinger,9
2026-03-24,Putnam County,14,Brookfield,1
2026-03-24,Versailles,0,California,15
2026-03-24,Van-Far,8,Calvary Lutheran,10
2026-03-24,Richmond,16,Cameron,0
2026-03-24,Holcomb,11,Campbell,0
2026-03-24,Scotland County,7,Canton,6
2026-03-24,Bayless,20,Cardinal Ritter,2
2026-03-24,Braymer with Breckenridge,2,Carrollton,17
2026-03-24,Perryville,4,Central (Park Hills),5
2026-03-24,Benton,11,Central (St. Joseph),1
2026-03-24,Bowling Green,1,Centralia,9
2026-03-24,Pacific,7,Chaminade College Prep,9
2026-03-24,Green City,0,Chillicothe,15
2026-03-24,Ft. Zumwalt South,2,Christian Brothers College,10
2026-03-24,Affton,7,Clayton,3
2026-03-24,Community,4,Clopton,8
2026-03-24,St. Paul Lutheran (Concordia),6,Cole Camp,2
2026-03-24,Stoutland,4,Conway,14
2026-03-24,Laquey,0,Conway,20
2026-03-24,Potosi,12,Cuba,1
2026-03-24,St. Vincent,12,Delta,1
2026-03-24,Malden,0,East Prairie,10
2026-03-24,Southern Boone,6,Eldon,9
2026-03-24,Palmyra,16,Elsberry,4
2026-03-24,Linn,2,Eugene,6
2026-03-24,Troy Buchanan,0,Eureka,4
2026-03-24,Blue Springs South,12,Fort Osage,1
2026-03-24,Ritenour,2,Fox,15
2026-03-24,Seckman,2,Francis Howell Central,1
2026-03-24,Timberland,9,Francis Howell North,7
2026-03-24,Christian Brothers College,10,Ft. Zumwalt South,2
2026-03-24,Francis Howell,1,Ft. Zumwalt West,3
2026-03-24,Marshall,10,Fulton,3
2026-03-24,Reeds Spring,5,Gainesville,6
2026-03-24,Wheaton,3,Galena,2
2026-03-24,Westran,7,Glasgow,6
2026-03-24,Dadeville,9,Greenfield with Golden City,1
2026-03-24,Osage,13,Hallsville,14
2026-03-24,North Point,8,Hannibal,5
2026-03-24,Climax Springs,4,Hermitage,10
2026-03-24,Bucklin with Macon County,4,Higbee,14
2026-03-24,Carthage,11,Hillcrest,0
2026-03-24,North County,10,Hillsboro,2
2026-03-24,Nevada,7,Holden,4
2026-03-24,Ava,6,Hollister,5
2026-03-24,St. Dominic,10,Holt,0
2026-03-24,Verona,1,Hurley,15
2026-03-24,Camdenton,5,Iberia,4
2026-03-24,Osceola,2,Jasper,18
2026-03-24,Arcadia Valley,0,Jefferson (Festus),4
2026-03-24,Hazelwood East,26,Jennings,10
2026-03-24,Rockwood Summit,6,Kirkwood,1
2026-03-24,Marion County,1,Knox County,11
2026-03-24,Oakville,8,Lafayette (Wildwood),7
2026-03-24,Odessa,15,Lafayette County,0
2026-03-24,Platte County,7,Lee's Summit North,6
2026-03-24,Polo,3,Lexington,5
2026-03-24,Sullivan,0,Liberty (Wentzville),6
2026-03-24,Clinton,6,Lincoln,3
2026-03-24,Truman,13,Lincoln College Prep,3
2026-03-24,Vianney,6,Lindbergh,4
2026-03-24,Republic,0,Logan-Rogersville,10
2026-03-24,South Shelby,13,Madison,7
2026-03-24,Slater,0,Marceline,10
2026-03-24,Pleasant Hope,1,Marionville,11
2026-03-24,Paris with Faith Walk,0,Mark Twain,10
2026-03-24,Lathrop,0,Maysville,7
2026-03-24,Lutheran St. Charles,7,Mehlville,14
2026-03-24,South Holt,0,Mid-Buchanan,15
2026-03-24,Lakeland,4,Midway,7
2026-03-24,El Dorado Springs,6,Monett,9
2026-03-24,Highland,0,Monroe City,13
2026-03-24,St. James,4,Mountain Grove,0
2026-03-24,Dexter,8,Naylor,3
2026-03-24,Senath-Hornersville,1,Neelyville,7
2026-03-24,Springfield Catholic,3,Nixa,4
2026-03-24,South Harrison,3,North Harrison,7
2026-03-24,Stanberry,16,North Nodaway,0
2026-03-24,North Andrew,3,North Platte,13
2026-03-24,Meadville with Linn County,1,North Shelby,16
2026-03-24,Atlanta,5,Northeast (Cairo),1
2026-03-24,Faith Christian Academy,4,Northland Christian,1
2026-03-24,Faith Christian Academy,3,Northland Christian,2
2026-03-24,Webster Groves,5,Northwest (Cedar Hill),2
2026-03-24,Kingsville,0,Northwest (Hughesville),10
2026-03-24,Concordia,4,"Northwestern (Mendon) with Brunswick, Keytesville",8
2026-03-24,Portageville,2,Notre Dame (Cape Girardeau),12
2026-03-24,Summit Christian Academy,8,Oak Grove,9
2026-03-24,Meadow Heights,2,Oak Ridge,0
2026-03-24,Lafayette (Wildwood),7,Oakville,8
2026-03-24,Bloomfield,2,Oran,8
2026-03-24,Rolla,13,Owensville,3
2026-03-24,Helias Catholic,2,Ozark,3
2026-03-24,Ladue Horton Watkins,1,Parkway Central,3
2026-03-24,Kennett,3,Poplar Bluff,13
2026-03-24,Gallatin,6,Princeton,0
2026-03-24,Hartville,2,Purdy,1
2026-03-24,East Carter,3,Puxico,2
2026-03-24,South Pemiscot,4,Risco,5
2026-03-24,New Bloomfield,5,Russellville,6
2026-03-24,Macon,4,Salisbury,5
2026-03-24,Sweet Springs,9,Santa Fe with Norborne,6
2026-03-24,Clever,6,Sarcoxie,2
2026-03-24,Scott City,9,Saxony Lutheran,2
2026-03-24,Kirksville,6,Schuyler County,12
2026-03-24,Charleston,2,Sikeston,12
2026-03-24,Raytown South,0,Smithville,15
2026-03-24,Tipton,0,South Callaway,2
2026-03-24,East Buchanan,13,South Nodaway with Jefferson (Conception),2
2026-03-24,Forsyth,11,Sparta,1
2026-03-24,Parkway North,1,St. Charles,16
2026-03-24,Crocker,3,St. Elizabeth,8
2026-03-24,"Tarkio with Fairfax, Craig",9,St. Joseph Christian,7
2026-03-24,Lutheran South,11,St. Pius X (Festus),3
2026-03-24,Duchesne,14,Ste. Genevieve,4
2026-03-24,University City,13,STEAM Academy,6
2026-03-24,Laquey,1,Stoutland,8
2026-03-24,Macks Creek,11,Stover,4
2026-03-24,DeKalb,8,"Tina-Avalon with Hale, Bosworth",4
2026-03-24,Lincoln College Prep,3,Truman,13
2026-03-24,Steelville,1,Valley,6
2026-03-24,Raytown,11,Van Horn,2
2026-03-24,Prairie Home with Bunceton,3,Vienna,13
2026-03-24,Greenwood,4,Walnut Grove,14
2026-03-24,Adrian,8,Warsaw,6
2026-03-24,Warrenton,2,Washington,3
2026-03-24,Leeton,2,Wellington-Napoleon,15
2026-03-24,Osborn with Stewartsville,2,West Nodaway with Nodaway-Holt,11
2026-03-24,Liberty (Mountain View),6,West Plains,9
2026-03-24,King City with Union Star,2,West Platte,12
2026-03-24,St. Michael the Archangel,8,William Chrisman,9
2026-03-24,Alton,7,Willow Springs,1
2026-03-24,North Callaway,6,Wright City,8
2026-03-25,Clayton,11,Affton,5
2026-03-25,Central (St. Joseph),18,Bishop LeBlond,6
2026-03-25,Plato,5,Bourbon,2
2026-03-25,Hollister,8,Carl Junction,5
2026-03-25,Farmington,0,Central (Cape Girardeau),1
2026-03-25,Leopold,0,Chaffee,15
2026-03-25,Lawson,3,Chillicothe,13
2026-03-25,Lone Jack,5,Concordia,6
2026-03-25,Metro,6,Crystal City,16
2026-03-25,West County,2,DeSoto,6
2026-03-25,Houston,2,Dixon,7
2026-03-25,Valle Catholic,1,Festus,12
2026-03-25,Fort Osage,12,Grandview,0
2026-03-25,Gateway Science Charter,0,Hancock,13
2026-03-25,Crocker,11,Hermann,1
2026-03-25,Nixa,12,Hillcrest,0
2026-03-25,Jefferson (Festus),0,Hillsboro,11
2026-03-25,Grain Valley,5,Kearney,6
2026-03-25,Dexter,3,Kennett,0
2026-03-25,Grandview (Hillsboro),2,Kingston,12
2026-03-25,Putnam County,12,Knox County,2
2026-03-25,Kirkwood,6,Ladue Horton Watkins,7
2026-03-25,Benton,10,Lafayette (St. Joseph),0
2026-03-25,Wellington-Napoleon,17,Lexington,5
2026-03-25,Summit Christian Academy,13,Lincoln College Prep,4
2026-03-25,St. Michael the Archangel,10,Lincoln College Prep,0
2026-03-25,Parkway West,1,Lutheran St. Charles,2
2026-03-25,STEAM Academy,0,Maplewood-Richmond Hts.,15
2026-03-25,St. Dominic,2,Marquette,5
2026-03-25,Ft. Zumwalt East,4,Mexico,5
2026-03-25,Clopton,0,Montgomery County,15
2026-03-25,Savannah,13,North Kansas City,3
2026-03-25,Fredericktown,2,Notre Dame (Cape Girardeau),17
2026-03-25,Owensville,5,Pacific,9
2026-03-25,Blue Springs South,20,Park Hill South,5
2026-03-25,Hazelwood Central,6,Parkway North,19
2026-03-25,Trenton,22,Penney,2
2026-03-25,"Tina-Avalon with Hale, Bosworth",1,Plattsburg,23
2026-03-25,Herculaneum,9,Potosi,12
2026-03-25,Green Ridge with La Monte,21,Prairie Home with Bunceton,0
2026-03-25,Chaminade College Prep,18,Priory,5
2026-03-25,Fox,7,Ritenour,0
2026-03-25,North Andrew,3,Rock Port,18
2026-03-25,Helias Catholic,2,Rolla,11
2026-03-25,Sweet Springs,0,Sacred Heart,10
2026-03-25,Excelsior Springs,3,Savannah,1
2026-03-25,Meadow Heights,8,Saxony Lutheran,18
2026-03-25,Cole Camp,5,Sherwood,6
2026-03-25,Macon,3,Southern Boone,18
2026-03-25,Duchesne,7,St. Charles,4
2026-03-25,Blair Oaks,1,St. Francis Borgia,0
2026-03-25,Lincoln College Prep,0,St. Michael the Archangel,10
2026-03-25,Ste. Genevieve,8,St. Vincent,7
2026-03-25,Schuyler County,10,Sturgeon,0
2026-03-25,Oak Park,1,Warrensburg,4
2026-03-25,Osceola,9,Wheatland,19
2026-03-25,West Plains,0,Willard,10
2026-03-25,Summit Christian Academy,20,William Chrisman,3
2026-03-25,Leeton,1,Windsor,16
2026-03-26,Delta,4,Advance,14
2026-03-26,Knob Noster,10,Appleton City,6
2026-03-26,Central (Park Hills),18,Arcadia Valley,7
2026-03-26,Marionville,11,Ash Grove,12
2026-03-26,Highland,1,Atlanta,16
2026-03-26,Republic,11,Aurora,1
2026-03-26,St. Pius X (Festus),17,Bayless,10
2026-03-26,Northeast (Cairo),15,Bevier,0
2026-03-26,Chadwick,0,Billings,16
2026-03-26,Oak Ridge,3,Bismarck,2
2026-03-26,Lebanon,7,Bolivar,1
2026-03-26,Louisiana,0,Bowling Green,9
2026-03-26,Priory,14,Brentwood,15
2026-03-26,Brashear with Novinger,5,Bucklin with Macon County,1
2026-03-26,Clinton,21,Butler,2
2026-03-26,Willow Springs,4,Cabool,11
2026-03-26,Waynesville,7,Camdenton,20
2026-03-26,Naylor,13,Campbell,2
2026-03-26,Palmyra,11,Canton,2
2026-03-26,Van Horn,8,Carrollton,13
2026-03-26,Truman,0,Carthage,13
2026-03-26,East Newton,5,Cassville,4
2026-03-26,Blue Eye,20,Cassville,5
2026-03-26,Chaffee,13,Central (New Madrid County),1
2026-03-26,Marion County,0,Community,15
2026-03-26,Northwest (Hughesville),11,Crest Ridge,8
2026-03-26,Conway,1,Dixon,4
2026-03-26,Lebanon,4,East Newton,2
2026-03-26,Kelly,11,East Prairie,2
2026-03-26,Salem,8,Ellington,1
2026-03-26,Pierce City,3,Exeter,14
2026-03-26,Raytown,4,Faith Christian Academy,19
2026-03-26,Fulton,0,Fatima,11
2026-03-26,Pleasant Hope,1,Fordland,9
2026-03-26,St. Pius X (Kansas City),15,Fort Osage,5
2026-03-26,Seckman,7,Fox,0
2026-03-26,Stanberry,0,Gallatin,15
2026-03-26,Woodland,2,Greenville,17
2026-03-26,Mountain Grove,18,Greenwood,2
2026-03-26,Marion C. Early,13,Halfway,6
2026-03-26,North Callaway,1,Hallsville,0
2026-03-26,Holden,2,Harrisonville,16
2026-03-26,STEAM Academy,2,Hazelwood Central,11
2026-03-26,Metro,4,Herculaneum,12
2026-03-26,Russellville,6,Hermann,0
2026-03-26,Spokane,0,Hollister,15
2026-03-26,Stoutland,2,Houston,12
2026-03-26,Hermitage,22,Humansville with Fair Play,1
2026-03-26,Sikeston,2,Jackson,13
2026-03-26,Miller,1,Jasper,0
2026-03-26,Ft. Zumwalt East,7,Jefferson City,2
2026-03-26,Senath-Hornersville,5,Kennett,8
2026-03-26,Smithton,0,Kingsville,15
2026-03-26,Clark County,8,La Plata,2
2026-03-26,North Platte,5,Lathrop,0
2026-03-26,Clearwater,0,Leopold,10
2026-03-26,Doniphan,10,Liberty (Mountain View),11
2026-03-26,Dadeville,6,Lockwood,2
2026-03-26,Willard,4,Logan-Rogersville,6
2026-03-26,Veritas Christian Academy,6,Lutheran St. Charles,2
2026-03-26,Wheatland,12,Macks Creek,0
2026-03-26,Higbee,6,Madison,4
2026-03-26,Twin Rivers,16,Malden,1
2026-03-26,Springfield Catholic,13,Mansfield,2
2026-03-26,Missouri Military Academy,0,Mark Twain,10
2026-03-26,Parkway South,8,Marquette,9
2026-03-26,Pleasant Hill,13,Marshall,3
2026-03-26,Maryville,3,Maysville,10
2026-03-26,Southwest (Washburn),1,McDonald County,8
2026-03-26,Braymer with Breckenridge,3,Meadville with Linn County,4
2026-03-26,Lawson,3,Mid-Buchanan,13
2026-03-26,Boonville,4,Moberly,5
2026-03-26,New Covenant Academy,3,Monett,4
2026-03-26,Knox County,4,Monroe City,12
2026-03-26,Linn,3,Montgomery County,9
2026-03-26,Campbell,2,Naylor,13
2026-03-26,East Carter,4,Neelyville,6
2026-03-26,Diamond,1,Nevada,13
2026-03-26,Fair Grove,12,Nevada,11
2026-03-26,Jamestown,3,New Franklin,4
2026-03-26,Albany,7,Northeast Nodaway with Worth County,11
2026-03-26,Thayer,0,Norwood,6
2026-03-26,Pacific,2,Orchard Farm,8
2026-03-26,Weaubleau,17,Osceola,1
2026-03-26,Pilot Grove,7,Otterville,8
2026-03-26,Nixa,10,Park Hill,0
2026-03-26,Francis Howell North,9,Parkway Central,10
2026-03-26,St. Charles,4,Pattonville,10
2026-03-26,Laquey,11,Plato,20
2026-03-26,Penney,0,Plattsburg,15
2026-03-26,Pattonsburg with Winston,2,Polo,8
2026-03-26,Oran,2,Portageville,8
2026-03-26,Jefferson (Festus),12,Potosi,1
2026-03-26,"Newtown-Harris with Grundy County, Tri-County",0,Princeton,7
2026-03-26,Bernie,16,Puxico,5
2026-03-26,Hillcrest,4,Reeds Spring,3
2026-03-26,Summersville,0,Richland,15
2026-03-26,Lee's Summit West,3,Rockhurst,13
2026-03-26,Lincoln,19,Ruskin,4
2026-03-26,North Shelby,0,Salisbury,10
2026-03-26,Scott City,16,Scott County Central,1
2026-03-26,Mt. Vernon,4,Seneca,9
2026-03-26,Windsor,1,Sherwood,2
2026-03-26,Clopton,7,Silex,10
2026-03-26,Kingston,1,South Iron,11
2026-03-26,Washington,4,St. Clair,0
2026-03-26,Rockwood Summit,4,St. Dominic,5
2026-03-26,Iberia,5,St. Elizabeth,4
2026-03-26,Crocker,11,St. James,0
2026-03-26,DeKalb,3,St. Joseph Christian,13
2026-03-26,Sweet Springs,6,St. Paul Lutheran (Concordia),7
2026-03-26,Climax Springs,21,Stover,22
2026-03-26,Valley Park,11,Sullivan,7
2026-03-26,Jennings,1,University City,16
2026-03-26,Poplar Bluff,21,Van Buren,2
2026-03-26,Tipton,18,Versailles,7
2026-03-26,Belle,18,Viburnum,1
2026-03-26,Hazelwood West,4,Warrenton,14
2026-03-26,Wright City,18,Wellsville-Middletown,1
2026-03-26,North County,12,West County,2
2026-03-26,East Buchanan,0,West Platte,10
2026-03-26,Logan-Rogersville,6,Willard,4
2026-03-26,Chaminade College Prep,15,Windsor (Imperial),0
2026-03-27,Valley Park,7,Affton,8
2026-03-27,South Nodaway with Jefferson (Conception),0,Albany,6
2026-03-27,Marshall,16,Appleton City,3
2026-03-27,Bakersfield,10,Ava,4
2026-03-27,Centralia,7,Battle with Columbia Independent,4
2026-03-27,Pembroke Hill,2,Benton,7
2026-03-27,Walnut Grove,3,Billings,5
2026-03-27,Bell City,7,Bloomfield,1
2026-03-27,Veritas Christian Academy,7,Bowling Green,0
2026-03-27,Crystal City,9,Brentwood,12
2026-03-27,Thayer,9,Cabool,0
2026-03-27,Warrensburg,10,Carthage,1
2026-03-27,Bolivar,11,Cassville,5
2026-03-27,Lebanon,16,Cassville,1
2026-03-27,Dexter,6,Central (New Madrid County),0
2026-03-27,Southwest (Washburn),13,Central (Springfield),2
2026-03-27,Niangua,0,Chadwick,10
2026-03-27,Kirkwood,8,Christian Brothers College,5
2026-03-27,Windsor (Imperial),6,Clayton,7
2026-03-27,Puxico,14,Clearwater,0
2026-03-27,Lutheran (Kansas City),1,Concordia,16
2026-03-27,Ruskin,5,Crest Ridge,18
2026-03-27,Monett,4,Doniphan,1
2026-03-27,Winnetonka,13,Doniphan,1
2026-03-27,Bolivar,12,East Newton,4
2026-03-27,Skyline,3,El Dorado Springs,7
2026-03-27,St. Elizabeth,6,Eugene,3
2026-03-27,Scott City,10,Farmington,3
2026-03-27,St. Vincent,10,Fredericktown,2
2026-03-27,Neelyville,5,Gainesville,9
2026-03-27,East Carter,4,Glendale,5
2026-03-27,Springfield Catholic,2,Glendale,1
2026-03-27,Belton,3,Grandview,8
2026-03-27,Marion C. Early,10,Greenwood,11
2026-03-27,Climax Springs,1,Halfway,11
2026-03-27,Rockhurst,7,Joplin,2
2026-03-27,Gilman City with North Daviess,10,King City with Union Star,7
2026-03-27,Pleasant Hill,4,Knob Noster,5
2026-03-27,Lafayette (Wildwood),7,Ladue Horton Watkins,0
2026-03-27,Rolla,12,Lafayette (St. Joseph),2
2026-03-27,Union,8,Lafayette (St. Joseph),4
2026-03-27,St. Paul Lutheran (Concordia),15,Lafayette County,3
2026-03-27,New Covenant Academy,3,Lamar,8
2026-03-27,Trenton,5,Lathrop,1
2026-03-27,Leeton,4,Lexington,19
2026-03-27,Richland,3,Licking,8
2026-03-27,Northwest (Hughesville),8,Lincoln,7
2026-03-27,Oak Grove,2,Logan-Rogersville,8
2026-03-27,Parkway West,9,Lutheran South,8
2026-03-27,Westminster Christian Academy,5,Lutheran St. Charles,0
2026-03-27,Valle Catholic,12,Mansfield,0
2026-03-27,Principia with Whitfield,12,Maplewood-Richmond Hts.,0
2026-03-27,Parkway Central,11,Marquette,10
2026-03-27,Purdy,5,McDonald County,2
2026-03-27,Chaffee,12,Meadow Heights,2
2026-03-27,Carrollton,11,Meadville with Linn County,6
2026-03-27,Eldon,1,Mexico,11
2026-03-27,Montrose with Ballard,5,Miami (Amoret),11
2026-03-27,Southern Boone,0,Moberly,4
2026-03-27,Strafford,4,Mt. Vernon,0
2026-03-27,Clever,4,Nevada,10
2026-03-27,Salisbury,17,New Bloomfield,3
2026-03-27,"Tarkio with Fairfax, Craig",5,North Andrew,3
2026-03-27,Brashear with Novinger,1,North Shelby,13
2026-03-27,Maryville,10,Northeast Nodaway with Worth County,3
2026-03-27,Willow Springs,2,Norwood,9
2026-03-27,St. Francis Borgia,14,Notre Dame (Cape Girardeau),1
2026-03-27,North Point,4,Notre Dame (Cape Girardeau),1
2026-03-27,Willard,11,Oak Grove,4
2026-03-27,Neosho,15,Oak Park,5
2026-03-27,Father Tolton,6,Odessa,8
2026-03-27,Waynesville,2,Osage,3
2026-03-27,Lakeland,11,Osceola,1
2026-03-27,Park Hill,0,Ozark,4
2026-03-27,Orchard Farm,25,Parkway North,1
2026-03-27,Parkway South,9,Pattonville,4
2026-03-27,Osborn with Stewartsville,3,Penney,4
2026-03-27,Nixa,0,Platte County,5
2026-03-27,South Holt,13,Plattsburg,10
2026-03-27,Maplewood-Richmond Hts.,0,Principia with Whitfield,12
2026-03-27,Central (Springfield),1,Purdy,16
2026-03-27,Warsaw,4,Richmond,7
2026-03-27,Rockwood Summit,14,Ritenour,0
2026-03-27,Union,7,Rolla,8
2026-03-27,New Franklin,2,Sacred Heart,5
2026-03-27,Green Ridge with La Monte,5,Santa Fe with Norborne,10
2026-03-27,Leopold,2,Saxony Lutheran,10
2026-03-27,Strafford,0,Seneca,4
2026-03-27,St. Pius X (Kansas City),9,Smithville,5
2026-03-27,California,4,South Callaway,9
2026-03-27,Putnam County,22,South Shelby,2
2026-03-27,Crane,3,Sparta,5
2026-03-27,Miller,11,Spokane,1
2026-03-27,North Point,6,St. Francis Borgia,2
2026-03-27,North Harrison,4,St. Joseph Christian,15
2026-03-27,Kingston,9,Steelville,7
2026-03-27,Versailles,15,Stover,2
2026-03-27,Neosho,5,Truman,0
2026-03-27,Gideon,2,Twin Rivers,3
2026-03-27,Arcadia Valley,14,Viburnum,0
2026-03-27,Humansville with Fair Play,4,Weaubleau,14
2026-03-27,West Plains,1,Webb City,6
2026-03-27,Slater,4,Wellington-Napoleon,14
2026-03-27,Clopton,17,Wellsville-Middletown,1
2026-03-27,Lutheran St. Charles,0,Westminster Christian Academy,5
2026-03-27,Valle Catholic,2,Willard,10
2026-03-27,Republic,1,Winnetonka,7
2026-03-27,Oak Ridge,2,Woodland,3
2026-03-28,Putnam County,2,Atlanta,15
2026-03-28,Gainesville,3,Ava,2
2026-03-28,Neelyville,7,Ava,2
2026-03-28,Gainesville,13,Bakersfield,1
2026-03-28,Neelyville,10,Bakersfield,11
2026-03-28,Skyline,0,Belle,3
2026-03-28,Greenville,10,Bernie,3
2026-03-28,Portageville,7,Bernie,4
2026-03-28,Lone Jack,18,Butler,10
2026-03-28,Stockton,12,Butler,5
2026-03-28,Oak Park,6,Carthage,10
2026-03-28,Mt. Vernon,5,Cassville,7
2026-03-28,Duchesne,3,Chaminade College Prep,6
2026-03-28,Duchesne,1,Chaminade College Prep,2
2026-03-28,Delta,25,Charleston,0
2026-03-28,Clarkton,5,Charleston,7
2026-03-28,Woodland,8,Clarkton,9
2026-03-28,Marshall,14,Crest Ridge,2
2026-03-28,Sherwood,0,Crocker,10
2026-03-28,Woodland,1,Delta,11
2026-03-28,Jefferson (Festus),9,DeSoto,3
2026-03-28,Fair Grove,13,Diamond,3
2026-03-28,Fatima,3,East Carter,1
2026-03-28,Strafford,9,East Newton,2
2026-03-28,De Smet Jesuit,0,Eureka,11
2026-03-28,Benton,2,Excelsior Springs,6
2026-03-28,Benton,7,Excelsior Springs,15
2026-03-28,Valle Catholic,5,Fatima,9
2026-03-28,Ladue Horton Watkins,6,Francis Howell North,16
2026-03-28,Westminster Christian Academy,4,Ft. Zumwalt West,7
2026-03-28,Westminster Christian Academy,5,Ft. Zumwalt West,2
2026-03-28,South Iron,16,Galena,6
2026-03-28,Oak Grove,0,Glendale,10
2026-03-28,Mansfield,0,Glendale,11
2026-03-28,Liberty,3,Grain Valley,4
2026-03-28,Portageville,7,Greenville,3
2026-03-28,Warrenton,4,Hannibal,2
2026-03-28,Grandview,3,Hazelwood West,15
2026-03-28,"Northwestern (Mendon) with Brunswick, Keytesville",16,Higbee,2
2026-03-28,"Tina-Avalon with Hale, Bosworth",3,Higbee,14
2026-03-28,Otterville,0,Iberia,3
2026-03-28,Macon,8,Kirksville,9
2026-03-28,Northwest (Hughesville),1,Knob Noster,20
2026-03-28,Atlanta,13,La Plata,6
2026-03-28,Putnam County,6,La Plata,10
2026-03-28,Notre Dame (Cape Girardeau),4,Lafayette (St. Joseph),0
2026-03-28,Purdy,7,Lamar,4
2026-03-28,Barstow,4,Lawson,10
2026-03-28,Barstow,5,Lawson,11
2026-03-28,Pleasant Hill,4,Lincoln,3
2026-03-28,Springfield Catholic,1,Logan-Rogersville,3
2026-03-28,Stockton,12,Lone Jack,6
2026-03-28,Hickman,4,Lutheran South,5
2026-03-28,Rock Port,12,Marceline,11
2026-03-28,West Platte,10,Marceline,1
2026-03-28,Kirksville,2,Maryville,3
2026-03-28,Macon,1,Maryville,3
2026-03-28,Owensville,0,Mexico,8
2026-03-28,Southwest (Washburn),1,Monett,11
2026-03-28,New Covenant Academy,13,Mountain Grove,3
2026-03-28,"Tina-Avalon with Hale, Bosworth",0,"Northwestern (Mendon) with Brunswick, Keytesville",13
2026-03-28,Richmond,2,Odessa,7
2026-03-28,Warsaw,3,Odessa,5
2026-03-28,Platte County,6,Ozark,3
2026-03-28,Moberly,5,Palmyra,1
2026-03-28,Blue Springs South,18,Park Hill,1
2026-03-28,Parkway West,18,Parkway North,3
2026-03-28,Lutheran North,13,Parkway North,5
2026-03-28,Lutheran North,1,Parkway West,16
2026-03-28,Harrisonville,19,Pembroke Hill,5
2026-03-28,Sturgeon,2,Pilot Grove,14
2026-03-28,Tipton,6,Pilot Grove,3
2026-03-28,Bernie,4,Portageville,7
2026-03-28,Greenville,3,Portageville,7
2026-03-28,Metro,11,Principia with Whitfield,12
2026-03-28,La Plata,10,Putnam County,6
2026-03-28,Mountain Grove,6,Reeds Spring,2
2026-03-28,New Covenant Academy,5,Reeds Spring,6
2026-03-28,Summit Christian Academy,4,Republic,3
2026-03-28,Father Tolton,13,Richmond,10
2026-03-28,West Platte,5,Rock Port,6
2026-03-28,Union,7,Rolla,6
2026-03-28,St. Francis Borgia,7,Rolla,9
2026-03-28,Belle,0,Russellville,3
2026-03-28,Skyline,0,Russellville,13
2026-03-28,Central (St. Joseph),4,Savannah,10
2026-03-28,Sikeston,13,Scott City,5
2026-03-28,Bolivar,3,Seneca,5
2026-03-28,St. James,3,South Callaway,10
2026-03-28,Mexico,6,Southern Boone,5
2026-03-28,Owensville,0,Southern Boone,10
2026-03-28,Webster Groves,5,St. Dominic,6
2026-03-28,Webster Groves,0,St. Dominic,1
2026-03-28,North Point,13,St. Francis Borgia,10
2026-03-28,Tipton,5,Sturgeon,6
2026-03-28,Licking,16,Thayer,2
2026-03-28,Winona,1,Thayer,16
2026-03-28,Warrensburg,14,Truman,4
2026-03-28,North Point,4,Union,7
2026-03-28,Grandview,11,University City,6
2026-03-28,Father Tolton,14,Warsaw,15
2026-03-28,Troy Buchanan,9,Washington,0
2026-03-28,Troy Buchanan,5,Washington,2
2026-03-28,Oak Park,0,Webb City,11
2026-03-28,Warrensburg,9,Webb City,10
2026-03-28,Republic,4,West Plains,0
2026-03-28,East Carter,0,Willard,4
2026-03-28,Smith-Cotton,7,Windsor,17
2026-03-28,Hannibal,11,Wright City,10
2026-03-28,Warrenton,15,Wright City,1
2026-03-30,Oak Ridge,15,Advance,10
2026-03-30,Hancock,0,Affton,18
2026-03-30,Clearwater,3,Arcadia Valley,13
2026-03-30,Gateway Science Charter,3,Bayless,18
2026-03-30,Marion County,4,Bevier,5
2026-03-30,Princeton,3,Bishop LeBlond,13
2026-03-30,Lee's Summit,6,Blue Springs,1
2026-03-30,Community,1,Bowling Green,5
2026-03-30,Pattonsburg with Winston,0,Braymer with Breckenridge,2
2026-03-30,McCluer North,0,Brentwood,15
2026-03-30,North Callaway,6,California,4
2026-03-30,Albany,0,Cameron,7
2026-03-30,Central (New Madrid County),2,Caruthersville with Hayti,5
2026-03-30,Van Horn,4,Center,2
2026-03-30,Kennett,0,Central (Cape Girardeau),11
2026-03-30,Valley,1,Central (Park Hills),4
2026-03-30,Clark County,8,Centralia,1
2026-03-30,Sparta,24,Chadwick,0
2026-03-30,Kelly,1,Chaffee,4
2026-03-30,Orchard Farm,6,Clayton,7
2026-03-30,Clinton,3,Cole Camp,0
2026-03-30,Plato,0,Conway,15
2026-03-30,Sherwood,13,Crest Ridge,1
2026-03-30,Halfway,3,Dadeville,6
2026-03-30,Northeast Nodaway with Worth County,13,DeKalb,5
2026-03-30,Jackson,10,Dexter,0
2026-03-30,Fredericktown,0,Doniphan,12
2026-03-30,South Iron,1,East Carter,13
2026-03-30,Butler,4,El Dorado Springs,14
2026-03-30,Bismarck,6,Ellington,7
2026-03-30,Oakville,7,Eureka,8
2026-03-30,North Kansas City,1,Excelsior Springs,14
2026-03-30,Diamond,6,Exeter,4
2026-03-30,Grain Valley,1,Fort Osage,11
2026-03-30,Parkway West,4,Francis Howell,14
2026-03-30,Eldon,7,Fulton,6
2026-03-30,Liberty (Mountain View),1,Gainesville,12
2026-03-30,Carl Junction,6,Glendale,9
2026-03-30,Crystal City,9,Grandview (Hillsboro),8
2026-03-30,Jasper,2,Greenfield with Golden City,5
2026-03-30,Norwood,12,Greenwood,1
2026-03-30,Fayette,13,Harrisburg,1
2026-03-30,Nevada,0,Harrisonville,2
2026-03-30,Lutheran North,16,Hazelwood Central,1
2026-03-30,Lockwood,5,Hermitage,4
2026-03-30,Northeast (Cairo),2,Higbee,0
2026-03-30,Malden,1,Holcomb,11
2026-03-30,Monett,0,Hollister,4
2026-03-30,Wright City,10,Holt,7
2026-03-30,Seymour,5,Houston,7
2026-03-30,Eugene,7,Iberia,0
2026-03-30,Glasgow,4,Jamestown,5
2026-03-30,Park Hill South,3,Kearney,4
2026-03-30,Moberly,4,Kirksville,0
2026-03-30,Marquette,7,Kirkwood,0
2026-03-30,Holden,10,Knob Noster,9
2026-03-30,Timberland,5,Lafayette (Wildwood),7
2026-03-30,Lawson,10,Lafayette County,8
2026-03-30,Stoutland,17,Laquey,4
2026-03-30,Stoutland,17,Laquey,1
2026-03-30,Northeast (Kansas City),1,Lathrop,21
2026-03-30,Staley,9,Lee's Summit North,3
2026-03-30,Blue Springs South,10,Lee's Summit West,0
2026-03-30,Puxico,2,Leopold,3
2026-03-30,St. James,0,Licking,19
2026-03-30,Francis Howell North,7,Lindbergh,5
2026-03-30,Nixa,8,Logan-Rogersville,10
2026-03-30,Wellsville-Middletown,2,Louisiana,12
2026-03-30,Windsor (Imperial),7,Lutheran South,8
2026-03-30,Chillicothe,11,Macon,3
2026-03-30,New Franklin,19,Madison,6
2026-03-30,Campbell,10,Malden,0
2026-03-30,Putnam County,1,Marceline,10
2026-03-30,Miller,2,Marion C. Early,16
2026-03-30,Billings,8,Marionville,7
2026-03-30,Elsberry,9,Mark Twain,6
2026-03-30,Benton,8,Maryville,0
2026-03-30,Gallatin,3,Maysville,2
2026-03-30,Bishop DuBourg,0,Mehlville,15
2026-03-30,Silex,7,Montgomery County,8
2026-03-30,Kingsville,6,Montrose with Ballard,5
2026-03-30,Hartville,8,Mountain Grove,4
2026-03-30,McDonald County,16,New Heights Christian,8
2026-03-30,"Tina-Avalon with Hale, Bosworth",4,"Newtown-Harris with Grundy County, Tri-County",13
2026-03-30,Osborn with Stewartsville,24,North Nodaway,0
2026-03-30,Faith Christian Academy,14,North Platte,2
2026-03-30,Highland,6,North Shelby,7
2026-03-30,Parkway North,0,Northwest (Cedar Hill),13
2026-03-30,Concordia,9,Northwest (Hughesville),1
2026-03-30,Festus,6,Notre Dame (Cape Girardeau),9
2026-03-30,Winnetonka,1,Oak Park,2
2026-03-30,Crocker,5,Osage,6
2026-03-30,Santa Fe with Norborne,6,Otterville,10
2026-03-30,Farmington,8,Pacific,11
2026-03-30,Monroe City,10,Paris with Faith Walk,0
2026-03-30,Pattonville,6,Parkway Central,7
2026-03-30,Troy Buchanan,3,Parkway South,1
2026-03-30,Belton,0,Platte County,15
2026-03-30,Northland Christian,13,Plattsburg,1
2026-03-30,Penney,18,Polo,1
2026-03-30,Alton,1,Poplar Bluff,11
2026-03-30,Holcomb,0,Portageville,1
2026-03-30,St. Clair,3,Potosi,4
2026-03-30,Steelville,4,Richland,14
2026-03-30,Campbell,0,Risco,11
2026-03-30,Ft. Zumwalt North,20,Ritenour,3
2026-03-30,St. Joseph Christian,0,Rock Port,10
2026-03-30,William Chrisman,16,Ruskin,0
2026-03-30,Owensville,8,Salem,2
2026-03-30,Blue Eye,11,Sarcoxie,5
2026-03-30,Schuyler County,6,Scotland County,1
2026-03-30,Bernie,3,Scott City,9
2026-03-30,North County,1,Seckman,2
2026-03-30,Greenville,4,Senath-Hornersville,2
2026-03-30,Perryville,0,Sikeston,7
2026-03-30,Buffalo,3,Skyline,8
2026-03-30,North Point,0,SLUH,15
2026-03-30,Prairie Home with Bunceton,16,Smithton,1
2026-03-30,Central (St. Joseph),10,Smithville,5
2026-03-30,Milan,0,South Harrison,10
2026-03-30,"Tarkio with Fairfax, Craig",1,South Holt,11
2026-03-30,West Nodaway with Nodaway-Holt,12,South Nodaway with Jefferson (Conception),0
2026-03-30,Hurley,7,Spokane,8
2026-03-30,Ft. Zumwalt East,15,St. Charles West,1
2026-03-30,De Smet Jesuit,0,St. Dominic,4
2026-03-30,Wellington-Napoleon,6,St. Paul Lutheran (Concordia),16
2026-03-30,Charleston,5,St. Vincent,20
2026-03-30,Metro,20,STEAM Academy,0
2026-03-30,Hermann,2,Sullivan,12
2026-03-30,Lone Jack,8,Sweet Springs,4
2026-03-30,Brookfield,4,Trenton,14
2026-03-30,Raytown,3,Truman,10
2026-03-30,Pembroke Hill,21,University Academy Charter with Ewing Marion Kauffman,0
2026-03-30,Thayer,5,Van Buren,8
2026-03-30,Missouri Military Academy,4,Versailles,15
2026-03-30,St. Elizabeth,13,Vienna,4
2026-03-30,Ash Grove,23,Walnut Grove,7
2026-03-30,Union,3,Warrenton,4
2026-03-30,Fair Grove,2,Willard,12
2026-03-30,Winona,5,Willow Springs,15
2026-03-30,Duchesne,12,Winfield,1
2026-03-30,Bell City,17,Woodland,2
2026-03-31,Leeton,2,Adrian,8
2026-03-31,Scott City,20,Advance,5
2026-03-31,Bishop DuBourg,0,Affton,14
2026-03-31,Cabool,0,Alton,10
2026-03-31,Halfway,7,Appleton City,4
2026-03-31,Fredericktown,1,Arcadia Valley,12
2026-03-31,Mansfield,2,Ash Grove,5
2026-03-31,Scotland County,2,Atlanta,6
2026-03-31,Diamond,1,Aurora,4
2026-03-31,Van Buren,7,Bakersfield,3
2026-03-31,Iberia,3,Belle,1
2026-03-31,Trenton,4,Bishop LeBlond,5
2026-03-31,Southern Boone,1,Blair Oaks,2
2026-03-31,Hallsville,1,Boonville,11
2026-03-31,Green City,0,Brashear with Novinger,10
2026-03-31,Miami (Amoret),0,Butler,5
2026-03-31,Eldon,5,California,3
2026-03-31,Sturgeon,4,Calvary Lutheran,3
2026-03-31,Jefferson City,7,Camdenton,6
2026-03-31,Jefferson City,2,Camdenton,5
2026-03-31,Monroe City,3,Canton,10
2026-03-31,Lafayette County,8,Carrollton,18
2026-03-31,Carthage,18,Central (Springfield),2
2026-03-31,Central (New Madrid County),3,Charleston,7
2026-03-31,Savannah,2,Chillicothe,8
2026-03-31,Francis Howell North,3,Christian Brothers College,1
2026-03-31,Green Ridge with La Monte,8,Christian Fellowship Sr.,4
2026-03-31,Wheatland,18,Climax Springs,3
2026-03-31,Pleasant Hill,13,Clinton,5
2026-03-31,Father Tolton,16,Clopton,3
2026-03-31,Paris with Faith Walk,6,Community,7
2026-03-31,Ava,9,Conway,6
2026-03-31,Grandview (Hillsboro),2,Crystal City,12
2026-03-31,Kingston,1,Cuba,4
2026-03-31,Scott County Central,2,Delta,17
2026-03-31,St. Charles West,2,Duchesne,12
2026-03-31,Northeast (Kansas City),0,East (Kansas City),15
2026-03-31,Saxony Lutheran,17,East Prairie,0
2026-03-31,Stockton,11,El Dorado Springs,5
2026-03-31,West County,17,Ellington,5
2026-03-31,Clever,0,Fair Grove,10
2026-03-31,Lutheran (Kansas City),0,Faith Christian Academy,15
2026-03-31,Lutheran (Kansas City),2,Faith Christian Academy,14
2026-03-31,Lutheran St. Charles,3,Farmington,13
2026-03-31,Linn,1,Fayette,3
2026-03-31,Hollister,3,Forsyth,5
2026-03-31,Rockwood Summit,4,Francis Howell,11
2026-03-31,Lindbergh,1,Francis Howell Central,2
2026-03-31,Winfield,0,Ft. Zumwalt East,9
2026-03-31,Troy Buchanan,5,Ft. Zumwalt West,4
2026-03-31,Mountain Grove,4,Gainesville,14
2026-03-31,Blue Eye,6,Galena,7
2026-03-31,Barstow,5,Grandview,2
2026-03-31,Moberly,10,Hannibal,4
2026-03-31,Fordland,0,Hartville,5
2026-03-31,Battle with Columbia Independent,0,Helias Catholic,2
2026-03-31,Battle with Columbia Independent,1,Helias Catholic,2
2026-03-31,Central (Park Hills),1,Herculaneum,8
2026-03-31,Capital City,6,Hickman,7
2026-03-31,Capital City,5,Hickman,3
2026-03-31,Logan-Rogersville,13,Hillcrest,2
2026-03-31,Neelyville,6,Holcomb,2
2026-03-31,Windsor,13,Holden,7
2026-03-31,Ft. Zumwalt North,8,Holt,1
2026-03-31,Liberty (Mountain View),0,Houston,11
2026-03-31,Greenwood,19,Humansville with Fair Play,0
2026-03-31,Sparta,13,Hurley,8
2026-03-31,Windsor (Imperial),1,Jefferson (Festus),6
2026-03-31,Hazelwood Central,18,Jennings,0
2026-03-31,Priory,2,John Burroughs,7
2026-03-31,Smithville,3,Kearney,6
2026-03-31,Jackson,11,Kelly,0
2026-03-31,Branson,3,Kickapoo,14
2026-03-31,"Newtown-Harris with Grundy County, Tri-County",0,King City with Union Star,10
2026-03-31,Sacred Heart,22,Kingsville,4
2026-03-31,Mexico,5,Kirksville,0
2026-03-31,South Shelby,6,La Plata,9
2026-03-31,SLUH,3,Lafayette (Wildwood),2
2026-03-31,Maysville,9,Lawson,8
2026-03-31,Joplin,13,Lebanon,2
2026-03-31,Chaminade College Prep,8,Liberty (Wentzville),6
2026-03-31,Salem,2,Licking,6
2026-03-31,Missouri Military Academy,5,Madison,1
2026-03-31,Greenville,20,Malden,0
2026-03-31,Ash Grove,5,Mansfield,2
2026-03-31,Purdy,14,Marionville,2
2026-03-31,Carl Junction,9,Marshfield,5
2026-03-31,South Harrison,1,Maryville,11
2026-03-31,Bismarck,2,Meadow Heights,5
2026-03-31,Hancock,0,Mehlville,15
2026-03-31,Greenfield with Golden City,0,Miller,10
2026-03-31,Eugene,5,New Bloomfield,6
2026-03-31,Wellsville-Middletown,3,New Haven,12
2026-03-31,Wheaton,16,Niangua,0
2026-03-31,Webb City,0,Nixa,12
2026-03-31,Van-Far,8,North Callaway,18
2026-03-31,Central (Cape Girardeau),4,North County,8
2026-03-31,Center,4,Oak Grove,3
2026-03-31,Marquette,9,Oakville,8
2026-03-31,Leopold,3,Oran,16
2026-03-31,Lathrop,9,Osborn with Stewartsville,8
2026-03-31,Liberal,5,Osceola,6
2026-03-31,Republic,8,Ozark,1
2026-03-31,Steelville,1,Pacific,11
2026-03-31,Fox,11,Parkway North,0
2026-03-31,North Point,6,Parkway South,7
2026-03-31,Clayton,0,Pattonville,7
2026-03-31,University Academy Charter with Ewing Marion Kauffman,1,Pembroke Hill,16
2026-03-31,Oak Ridge,3,Perryville,5
2026-03-31,Skyline,4,Pierce City,1
2026-03-31,Park Hill,1,Platte County,4
2026-03-31,Mid-Buchanan,10,Polo,0
2026-03-31,Dexter,6,Portageville,2
2026-03-31,Sullivan,2,Potosi,13
2026-03-31,Lutheran South,13,Principia with Whitfield,1
2026-03-31,Meadville with Linn County,3,Putnam County,1
2026-03-31,Bloomfield,2,Puxico,8
2026-03-31,Liberty North,14,Raymore-Peculiar,2
2026-03-31,Buffalo,1,Reeds Spring,3
2026-03-31,Lexington,1,Richmond,6
2026-03-31,Smith-Cotton,4,Rock Bridge,5
2026-03-31,Fatima,8,Rolla,5
2026-03-31,South Callaway,8,Russellville,9
2026-03-31,Glasgow,1,Salisbury,16
2026-03-31,Smithton,0,Santa Fe with Norborne,15
2026-03-31,Southwest (Washburn),1,Sarcoxie,7
2026-03-31,Eureka,8,Seckman,0
2026-03-31,Lafayette (Wildwood),2,SLUH,3
2026-03-31,Timberland,0,SLUH,4
2026-03-31,Penney,3,South Holt,13
2026-03-31,Doniphan,11,South Pemiscot,1
2026-03-31,New Covenant Academy,2,Spokane,8
2026-03-31,DeSoto,0,St. Clair,5
2026-03-31,South Nodaway with Jefferson (Conception),3,St. Joseph Christian,14
2026-03-31,Park Hill South,10,St. Pius X (Kansas City),4
2026-03-31,Springfield Catholic,13,Strafford,3
2026-03-31,South Iron,15,Summersville,6
2026-03-31,Ft. Zumwalt West,4,Troy Buchanan,5
2026-03-31,Campbell,4,Twin Rivers,5
2026-03-31,Clarkton,0,Twin Rivers,1
2026-03-31,Washington,0,Union,11
2026-03-31,Hazelwood East,7,University City,15
2026-03-31,St. Vincent,3,Valle Catholic,11
2026-03-31,St. Charles,4,Veritas Christian Academy,5
2026-03-31,Osage,2,Versailles,10
2026-03-31,St. Pius X (Festus),0,Vianney,4
2026-03-31,Hermitage,9,Walnut Grove,8
2026-03-31,Odessa,1,Warrensburg,6
2026-03-31,Neosho,7,Waynesville,10
2026-03-31,Warsaw,20,Weaubleau,2
2026-03-31,Bolivar,0,West Plains,10
2026-03-31,North Andrew,0,West Platte,8
2026-03-31,Macon,4,Westran,5
2026-03-31,Bunker with Lesterville,14,Winona,15
2026-03-31,Hermann,0,Wright City,15
2026-04-01,Dexter,13,Bernie,2
2026-04-01,Lee's Summit North,11,Blue Springs,3
2026-04-01,Chaffee,12,Campbell,0
2026-04-01,Seneca,9,Carl Junction,10
2026-04-01,Marquette,18,Chaminade College Prep,6
2026-04-01,East Newton,4,Clever,6
2026-04-01,Father Tolton,16,Clopton,3
2026-04-01,Charleston,3,Delta,18
2026-04-01,Holcomb,19,Delta (Deering),6
2026-04-01,Conway,9,Fordland,7
2026-04-01,Parkway West,4,Francis Howell Central,5
2026-04-01,Parkway South,1,Francis Howell North,6
2026-04-01,Truman,0,Grain Valley,6
2026-04-01,Farmington,5,Jackson,12
2026-04-01,Central (Cape Girardeau),3,Kelly,2
2026-04-01,Archie,0,Lakeland,5
2026-04-01,Blue Springs,3,Lee's Summit North,11
2026-04-01,Crest Ridge,10,Midway,12
2026-04-01,Bolivar,16,Monett,6
2026-04-01,Neelyville,10,Naylor,5
2026-04-01,Oran,2,Oak Ridge,4
2026-04-01,Excelsior Springs,2,Park Hill,0
2026-04-01,Vianney,7,Parkway Central,6
2026-04-01,William Chrisman,5,Platte County,20
2026-04-01,West Plains,3,Poplar Bluff,13
2026-04-01,Clarkton,4,Portageville,14
2026-04-01,John Burroughs,5,Priory,3
2026-04-01,Ruskin,5,Raytown,20
2026-04-01,Stanberry,0,Rock Port,12
2026-04-01,Raymore-Peculiar,5,Rockhurst,6
2026-04-01,Leopold,25,Scott County Central,1
2026-04-01,Branson,7,Springfield Catholic,1
2026-04-01,Hillsboro,6,St. Clair,0
2026-04-01,Holt,1,St. Dominic,12
2026-04-01,Winnetonka,0,St. Pius X (Kansas City),1
2026-04-01,Lee's Summit West,3,Staley,4
2026-04-01,Willow Springs,2,Van Buren,6
2026-04-01,Clinton,6,Versailles,2
2026-04-02,Mountain Grove,4,Alton,2
2026-04-02,New Heights Christian,4,Ash Grove,9
2026-04-02,Lee's Summit North,18,Aurora,1
2026-04-02,Northland Christian,9,Barstow,2
2026-04-02,Purdy,16,Billings,2
2026-04-02,Russellville,4,Blair Oaks,6
2026-04-02,West Plains,14,Bolivar,2
2026-04-02,South Iron,13,Bunker with Lesterville,2
2026-04-02,Summersville,7,Cabool,6
2026-04-02,Marshfield,2,Carl Junction,10
2026-04-02,Glendale,14,Carthage,3
2026-04-02,Marionville,2,Cassville,12
2026-04-02,Ft. Zumwalt West,2,Christian Brothers College,4
2026-04-02,Parkway West,2,Christian Brothers College,12
2026-04-02,Malden,4,Clarkton,6
2026-04-02,Pattonville,2,Clayton,12
2026-04-02,Forsyth,4,Clever,9
2026-04-02,Lakeland,3,Cole Camp,20
2026-04-02,Walnut Grove,2,Dadeville,1
2026-04-02,Oran,12,Delta,3
2026-04-02,Twin Rivers,0,Doniphan,11
2026-04-02,Van Horn,18,East (Kansas City),8
2026-04-02,Scott City,15,East Prairie,5
2026-04-02,Lockwood,13,Exeter,1
2026-04-02,St. Joseph Christian,0,Faith Christian Academy,15
2026-04-02,Parkway Central,5,Farmington,7
2026-04-02,Sturgeon,9,Fayette,8
2026-04-02,Parkway North,1,Fox,10
2026-04-02,SLUH,6,Francis Howell,4
2026-04-02,Lafayette (Wildwood),13,Francis Howell Central,3
2026-04-02,Liberty (Wentzville),11,Ft. Zumwalt South,4
2026-04-02,Bishop DuBourg,1,Hancock,11
2026-04-02,Summit Christian Academy,6,Harrisonville,7
2026-04-02,University City,15,Hazelwood Central,5
2026-04-02,Brentwood,9,Herculaneum,18
2026-04-02,Windsor (Imperial),3,Herculaneum,9
2026-04-02,Fair Grove,11,Hollister,5
2026-04-02,Galena,24,Hurley,2
2026-04-02,Central (Springfield),3,Joplin,10
2026-04-02,Kearney,4,Kickapoo,14
2026-04-02,Fulton,2,Kirksville,8
2026-04-02,Northwest (Cedar Hill),4,Kirkwood,15
2026-04-02,Truman,0,Lee's Summit,9
2026-04-02,Truman,0,Lee's Summit West,10
2026-04-02,Holden,13,Lexington,6
2026-04-02,Ft. Zumwalt South,4,Liberty (Wentzville),11
2026-04-02,Crocker,8,Licking,15
2026-04-02,Troy Buchanan,1,Lindbergh,0
2026-04-02,Hillcrest,4,Logan-Rogersville,12
2026-04-02,Wellington-Napoleon,1,Lone Jack,11
2026-04-02,Ava,15,Mansfield,4
2026-04-02,Crane,2,Marion C. Early,15
2026-04-02,Lafayette (St. Joseph),3,Maryville,0
2026-04-02,Diamond,1,McDonald County,2
2026-04-02,Hannibal,6,Mexico,4
2026-04-02,Plattsburg,0,Mid-Buchanan,7
2026-04-02,Archie,15,Midway,5
2026-04-02,Southwest (Washburn),5,Miller,6
2026-04-02,Pierce City,2,Mt. Vernon,12
2026-04-02,Lebanon,2,Neosho,6
2026-04-02,DeSoto,2,North County,4
2026-04-02,East Buchanan,6,North Platte,12
2026-04-02,Kirkwood,15,Northwest (Cedar Hill),4
2026-04-02,Sacred Heart,12,Northwest (Hughesville),3
2026-04-02,Hazelwood West,0,Oakville,10
2026-04-02,Vienna,8,Plato,0
2026-04-02,St. Charles,10,Principia with Whitfield,0
2026-04-02,Spokane,0,Reeds Spring,1
2026-04-02,Nixa,8,Republic,6
2026-04-02,Troy Buchanan,1,Rockwood Summit,11
2026-04-02,SLUH,5,Rockwood Summit,8
2026-04-02,Licking,9,Rolla,10
2026-04-02,South Callaway,2,Salisbury,1
2026-04-02,Green City,0,Schuyler County,15
2026-04-02,Hartville,6,Seymour,2
2026-04-02,Paris with Faith Walk,2,Silex,12
2026-04-02,Pleasant Hope,1,Skyline,4
2026-04-02,Rockwood Summit,8,SLUH,5
2026-04-02,Rock Bridge,12,Smith-Cotton,3
2026-04-02,Salisbury,1,South Callaway,2
2026-04-02,Centralia,12,Southern Boone,10
2026-04-02,Gainesville,10,Sparta,4
2026-04-02,Pacific,3,St. Francis Borgia,5
2026-04-02,Benton,2,St. Pius X (Kansas City),5
2026-04-02,Liberty,8,Staley,7
2026-04-02,Arcadia Valley,4,Ste. Genevieve,5
2026-04-02,Warsaw,12,Stockton,0
2026-04-02,Festus,9,Sullivan,5
2026-04-02,Lindbergh,0,Troy Buchanan,1
2026-04-02,Hazelwood Central,5,University City,15
2026-04-02,East (Kansas City),8,Van Horn,18
2026-04-02,Wright City,0,Veritas Christian Academy,4
2026-04-02,Stockton,0,Warsaw,12
2026-04-02,Webb City,19,Waynesville,1
2026-04-02,Lawson,1,West Platte,2
2026-04-02,Blue Eye,6,Wheaton,9
2026-04-02,Ozark,0,Willard,7
2026-04-02,Bismarck,5,Winona,6
2026-04-03,Belton,1,Aurora,11
2026-04-03,Hillcrest,3,Aurora,14
2026-04-03,Aurora,11,Belton,1
2026-04-03,Parkview,3,Belton,11
2026-04-03,Mt. Vernon,11,Billings,2
2026-04-03,Fulton,5,Blair Oaks,8
2026-04-03,Francis Howell Central,4,Blue Springs South,5
2026-04-03,Ritenour,6,Brentwood,5
2026-04-03,Monett,0,Carl Junction,6
2026-04-03,Bolivar,0,Carl Junction,10
2026-04-03,Macon,3,Chillicothe,5
2026-04-03,Liberty (Wentzville),6,Chillicothe,5
2026-04-03,Smith-Cotton,9,Clinton,7
2026-04-03,Madison,2,Community,13
2026-04-03,Adrian,2,El Dorado Springs,3
2026-04-03,Buffalo,1,Eldon,11
2026-04-03,Dadeville,11,Exeter,1
2026-04-03,Jefferson City,4,Fatima,1
2026-04-03,Cassville,6,Forsyth,7
2026-04-03,Northwest (Cedar Hill),8,Fox,0
2026-04-03,Christian Brothers College,4,Francis Howell,15
2026-04-03,Blue Springs South,5,Francis Howell Central,4
2026-04-03,Parkway West,7,Francis Howell North,14
2026-04-03,Crane,4,Galena,1
2026-04-03,Liberty North,14,Glendale,4
2026-04-03,Lee's Summit North,2,Glendale,6
2026-04-03,Blue Springs,8,Grain Valley,7
2026-04-03,William Chrisman,4,Grandview,1
2026-04-03,Liberty (Wentzville),5,Hannibal,4
2026-04-03,Marshall,0,Hickman,10
2026-04-03,Kennett,8,Holcomb,0
2026-04-03,Eureka,2,Jackson,6
2026-04-03,Sarcoxie,1,Jasper,8
2026-04-03,St. Charles West,4,John Burroughs,3
2026-04-03,Nixa,5,Kearney,2
2026-04-03,Liberty North,1,Kickapoo,6
2026-04-03,Webster Groves,6,Kirkwood,5
2026-04-03,North Point,7,Lafayette (Wildwood),9
2026-04-03,Ozark,1,Lee's Summit North,12
2026-04-03,Excelsior Springs,5,Lee's Summit West,7
2026-04-03,Nixa,2,Liberty,3
2026-04-03,Ft. Zumwalt West,7,Lindbergh,7
2026-04-03,Clopton,15,Louisiana,0
2026-04-03,Hannibal,3,Macon,1
2026-04-03,Hazelwood East,1,McCluer North,5
2026-04-03,Wheaton,7,Miller,8
2026-04-03,Owensville,3,Moberly,4
2026-04-03,Schuyler County,4,Moberly,7
2026-04-03,Seneca,11,Monett,0
2026-04-03,Raytown,3,North Kansas City,9
2026-04-03,Ft. Zumwalt East,8,Orchard Farm,1
2026-04-03,Lee's Summit North,12,Ozark,1
2026-04-03,Kearney,1,Ozark,4
2026-04-03,Belton,11,Parkview,3
2026-04-03,Oakville,5,Parkway Central,1
2026-04-03,Timberland,5,Parkway South,6
2026-04-03,Francis Howell North,14,Parkway West,4
2026-04-03,Niangua,0,Plato,8
2026-04-03,Oak Park,7,Platte County,8
2026-04-03,Liberal,1,Purdy,13
2026-04-03,Fort Osage,11,Raytown South,1
2026-04-03,Branson,6,Republic,5
2026-04-03,Timberland,4,Rockwood Summit,9
2026-04-03,Smithville,5,Savannah,4
2026-04-03,Bolivar,7,Seneca,8
2026-04-03,Savannah,4,Smithville,5
2026-04-03,Park Hill,7,Staley,6
2026-04-03,Marion C. Early,1,Stockton,11
2026-04-03,Halfway,4,Stoutland,1
2026-04-03,Nevada,4,Strafford,6
2026-04-03,Fordland,9,Thayer,8
2026-04-03,Parkway South,6,Timberland,5
2026-04-03,Rockwood Summit,9,Timberland,4
2026-04-03,Pleasant Hope,1,Wheatland,2
2026-04-03,Ruskin,0,Winnetonka,20
2026-04-04,Fort Osage,12,Battle with Columbia Independent,21
2026-04-04,Kickapoo,15,Belton,0
2026-04-04,Hillcrest,4,Belton,2
2026-04-04,Smith-Cotton,10,Blue Springs,8
2026-04-04,McDonald County,7,Branson,8
2026-04-04,Rockhurst,4,Carthage,11
2026-04-04,Owensville,5,Chillicothe,10
2026-04-04,Lafayette (Wildwood),2,Christian Brothers College,1
2026-04-04,Lindbergh,3,Francis Howell,1
2026-04-04,North Point,7,Francis Howell Central,2
2026-04-04,Rockwood Summit,5,Ft. Zumwalt West,15
2026-04-04,Liberty,10,Glendale,1
2026-04-04,Seckman,6,Glendale,4
2026-04-04,Schuyler County,6,Hannibal,4
2026-04-04,Belton,2,Hillcrest,4
2026-04-04,Benton,21,Hillcrest,0
2026-04-04,Park Hill,3,Joplin,4
2026-04-04,Belton,0,Kickapoo,15
2026-04-04,Lee's Summit North,15,Kickapoo,3
2026-04-04,Christian Brothers College,1,Lafayette (Wildwood),2
2026-04-04,Carthage,6,Lee's Summit,14
2026-04-04,Rockhurst,11,Lee's Summit,8
2026-04-04,Webb City,15,Liberty,9
2026-04-04,Winnetonka,7,Lincoln College Prep,2
2026-04-04,Francis Howell,1,Lindbergh,3
2026-04-04,Maysville,7,Lone Jack,10
2026-04-04,Plattsburg,5,Lone Jack,6
2026-04-04,Polo,2,Maysville,18
2026-04-04,Liberty (Wentzville),6,Moberly,1
2026-04-04,Brentwood,0,Oakville,10
2026-04-04,Benton,15,Parkview,0
2026-04-04,Troy Buchanan,2,Parkway West,0
2026-04-04,Savannah,4,Pembroke Hill,3
2026-04-04,Polo,3,Plattsburg,13
2026-04-04,Fort Osage,11,Rock Bridge,0
2026-04-04,Pembroke Hill,3,Savannah,4
2026-04-04,Kearney,9,Seckman,7
2026-04-04,Parkway West,0,Troy Buchanan,2
2026-04-04,Liberty North,8,Webb City,4
2026-04-04,Lincoln College Prep,2,Winnetonka,7
2026-04-06,Windsor (Imperial),18,Affton,7
2026-04-06,Doniphan,0,Alton,8
2026-04-06,Lakeland,4,Appleton City,2
2026-04-06,Greenfield with Golden City,0,Ash Grove,10
2026-04-06,Gainesville,9,Bakersfield,11
2026-04-06,Truman,9,Belton,1
2026-04-06,Advance,7,Bernie,2
2026-04-06,Faith Christian Academy,10,Bishop LeBlond,0
2026-04-06,South Iron,18,Bismarck,11
2026-04-06,Portageville,10,Bloomfield,1
2026-04-06,Spokane,5,Blue Eye,2
2026-04-06,Reeds Spring,0,Bolivar,4
2026-04-06,Palmyra,5,Bowling Green,0
2026-04-06,"Tina-Avalon with Hale, Bosworth",1,Brookfield,8
2026-04-06,Parkview,0,Camdenton,15
2026-04-06,Green City,3,Canton,10
2026-04-06,Aurora,4,Carl Junction,15
2026-04-06,Odessa,2,Center,0
2026-04-06,Westran,2,Centralia,14
2026-04-06,Otterville,7,Christian Fellowship Sr.,1
2026-04-06,Bunker with Lesterville,0,Clearwater,10
2026-04-06,Osceola,2,Climax Springs,6
2026-04-06,Tipton,6,Cole Camp,5
2026-04-06,Slater,7,Community,3
2026-04-06,Forsyth,5,Conway,0
2026-04-06,Viburnum,3,Cuba,14
2026-04-06,Walnut Grove,6,Dadeville,9
2026-04-06,North Nodaway,3,DeKalb,16
2026-04-06,Clarkton,17,Delta (Deering),4
2026-04-06,Pierce City,2,Diamond,14
2026-04-06,Crocker,15,Dixon,1
2026-04-06,Maryville,16,East Buchanan,1
2026-04-06,Southwest (Washburn),2,East Newton,13
2026-04-06,Chaffee,10,East Prairie,1
2026-04-06,Oak Grove,3,Excelsior Springs,7
2026-04-06,Kirksville,3,Father Tolton,7
2026-04-06,Northeast (Cairo),9,Fayette,7
2026-04-06,Wheatland,2,Fordland,5
2026-04-06,Central (St. Joseph),15,Grandview,0
2026-04-06,Marion C. Early,10,Halfway,4
2026-04-06,Mansfield,1,Hartville,8
2026-04-06,Hazelwood East,8,Hazelwood Central,12
2026-04-06,Pleasant Hope,7,Hermitage,2
2026-04-06,Fredericktown,0,Hillsboro,17
2026-04-06,Licking,2,Hollister,4
2026-04-06,Willow Springs,0,Houston,5
2026-04-06,Wheaton,11,Hurley,5
2026-04-06,Plato,2,Iberia,9
2026-04-06,Kickapoo,1,Joplin,2
2026-04-06,Oak Park,5,Kearney,6
2026-04-06,Oran,1,Kennett,10
2026-04-06,Pattonville,0,Kirkwood,7
2026-04-06,Cameron,11,Lafayette (St. Joseph),12
2026-04-06,Parkway Central,6,Lafayette (Wildwood),2
2026-04-06,Holden,17,Lafayette County,1
2026-04-06,Blue Springs,12,Lee's Summit West,8
2026-04-06,Van Horn,9,Lexington,7
2026-04-06,Mountain Grove,19,Liberty (Mountain View),5
2026-04-06,Lee's Summit North,0,Liberty North,15
2026-04-06,Sweet Springs,0,Lincoln,2
2026-04-06,Miami (Amoret),0,Lockwood,17
2026-04-06,Strafford,3,Logan-Rogersville,5
2026-04-06,St. Pius X (Festus),6,Lutheran St. Charles,3
2026-04-06,Weaubleau,8,Macks Creek,4
2026-04-06,Hancock,5,Maplewood-Richmond Hts.,12
2026-04-06,South Harrison,6,Marceline,8
2026-04-06,Milan,2,Maysville,14
2026-04-06,Scott City,13,Meadow Heights,1
2026-04-06,Butler,5,Midway,12
2026-04-06,Mexico,5,Moberly,7
2026-04-06,Warrensburg,6,Nevada,4
2026-04-06,Wellsville-Middletown,5,New Bloomfield,20
2026-04-06,Pacific,8,New Haven,0
2026-04-06,Purdy,8,New Heights Christian,3
2026-04-06,Penney,8,North Andrew,7
2026-04-06,Winnetonka,3,North Kansas City,4
2026-04-06,St. Joseph Christian,1,North Platte,10
2026-04-06,Campbell,6,Notre Dame (Cape Girardeau),7
2026-04-06,Leopold,5,Oak Ridge,2
2026-04-06,Mehlville,1,Oakville,5
2026-04-06,Russellville,1,Osage,3
2026-04-06,West Nodaway with Nodaway-Holt,10,Osborn with Stewartsville,2
2026-04-06,Hazelwood West,22,Parkway North,21
2026-04-06,De Smet Jesuit,2,Parkway South,0
2026-04-06,Northwest (Cedar Hill),3,Parkway West,4
2026-04-06,Kelly,0,Poplar Bluff,10
2026-04-06,Charleston,2,Puxico,12
2026-04-06,Lee's Summit,3,Raymore-Peculiar,7
2026-04-06,Grain Valley,16,Raytown,1
2026-04-06,Knob Noster,7,Richmond,3
2026-04-06,Northeast Nodaway with Worth County,0,Rock Port,10
2026-04-06,Platte County,20,Ruskin,0
2026-04-06,Eugene,11,Sacred Heart,6
2026-04-06,Ava,18,Salem,2
2026-04-06,Marionville,2,Sarcoxie,7
2026-04-06,Lathrop,0,Savannah,12
2026-04-06,Lindbergh,3,Seckman,4
2026-04-06,El Dorado Springs,6,Sherwood,2
2026-04-06,Central (New Madrid County),1,Sikeston,16
2026-04-06,Park Hill,6,Smithville,2
2026-04-06,Gideon,0,South Pemiscot,10
2026-04-06,South Callaway,0,Southern Boone,10
2026-04-06,Fatima,8,St. Elizabeth,7
2026-04-06,St. Clair,10,St. James,0
2026-04-06,Barstow,0,St. Michael the Archangel,10
2026-04-06,Santa Fe with Norborne,2,St. Paul Lutheran (Concordia),11
2026-04-06,Blue Springs South,0,Staley,10
2026-04-06,Arcadia Valley,10,Steelville,1
2026-04-06,Bourbon,0,Stoutland,4
2026-04-06,Calvary Lutheran,21,Stover,3
2026-04-06,Madison,0,Sturgeon,10
2026-04-06,Vienna,9,Sullivan,15
2026-04-06,Winona,4,Summersville,9
2026-04-06,South Nodaway with Jefferson (Conception),2,"Tarkio with Fairfax, Craig",12
2026-04-06,Cabool,4,Thayer,19
2026-04-06,Putnam County,10,Trenton,9
2026-04-06,Greenville,4,Twin Rivers,2
2026-04-06,Summit Christian Academy,19,University Academy Charter with Ewing Marion Kauffman,0
2026-04-06,Duchesne,6,Valle Catholic,2
2026-04-06,Bayless,2,Valley Park,6
2026-04-06,Potosi,6,Van Buren,7
2026-04-06,Louisiana,12,Van-Far,11
2026-04-06,Exeter,16,Verona,0
2026-04-06,Rockwood Summit,3,Webster Groves,4
2026-04-06,Concordia,2,Wellington-Napoleon,12
2026-04-06,Centralia,14,Westran,2
2026-04-06,Rolla,4,Willard,10
2026-04-06,Fort Osage,3,William Chrisman,2
2026-04-06,Crest Ridge,4,Windsor,14
2026-04-07,"Tarkio with Fairfax, Craig",11,Albany,12
2026-04-07,Osceola,4,Appleton City,12
2026-04-07,Adrian,3,Archie,13
2026-04-07,South Shelby,4,Atlanta,5
2026-04-07,St. Michael the Archangel,5,Barstow,6
2026-04-07,Capital City,4,Battle with Columbia Independent,8
2026-04-07,Hazelwood Central,2,Bayless,12
2026-04-07,Fatima,5,Belle,6
2026-04-07,Warrensburg,7,Belton,0
2026-04-07,Bell City,1,Bernie,4
2026-04-07,Branson,10,Bolivar,1
2026-04-07,Penney,0,Braymer with Breckenridge,4
2026-04-07,Christian Fellowship Sr.,11,Bucklin with Macon County,0
2026-04-07,Sherwood,1,Butler,2
2026-04-07,Crane,0,Cassville,9
2026-04-07,Southeast,3,Center,18
2026-04-07,Windsor (Imperial),0,Central (Cape Girardeau),4
2026-04-07,Malden,0,Central (New Madrid County),2
2026-04-07,Kingston,3,Central (Park Hills),14
2026-04-07,Neosho,11,Central (Springfield),0
2026-04-07,Highland,3,Centralia,20
2026-04-07,Galena,3,Chadwick,2
2026-04-07,Vianney,7,Chaminade College Prep,0
2026-04-07,Benton,0,Chillicothe,2
2026-04-07,Risco,9,Clarkton,6
2026-04-07,Mehlville,6,Clayton,0
2026-04-07,Lakeland,13,Climax Springs,4
2026-04-07,Marion County,0,Clopton,15
2026-04-07,Green Ridge with La Monte,1,Cole Camp,9
2026-04-07,Naylor,1,Cooter,2
2026-04-07,Valley,5,Cuba,4
2026-04-07,Wheaton,2,Dadeville,5
2026-04-07,Scott City,15,Delta,0
2026-04-07,Clearwater,1,Doniphan,16
2026-04-07,Montrose with Ballard,9,Drexel,0
2026-04-07,North Andrew,1,East Buchanan,2
2026-04-07,Lamar,12,East Newton,4
2026-04-07,Blair Oaks,12,Eldon,0
2026-04-07,Russellville,2,Eugene,1
2026-04-07,Lafayette (Wildwood),1,Eureka,2
2026-04-07,Raytown South,3,Excelsior Springs,10
2026-04-07,Forsyth,3,Fair Grove,11
2026-04-07,Hermitage,4,Fordland,10
2026-04-07,Oak Grove,2,Fort Osage,7
2026-04-07,Ladue Horton Watkins,1,Fox,12
2026-04-07,Ft. Zumwalt West,1,Francis Howell,2
2026-04-07,Troy Buchanan,1,Francis Howell Central,3
2026-04-07,Ft. Zumwalt East,2,Ft. Zumwalt North,3
2026-04-07,Joplin,4,Glendale,5
2026-04-07,Kennett,9,Greenville,2
2026-04-07,Weaubleau,1,Halfway,12
2026-04-07,California,1,Hallsville,11
2026-04-07,Maplewood-Richmond Hts.,10,Hancock,7
2026-04-07,South Callaway,10,Harrisburg,0
2026-04-07,Lincoln College Prep,5,Harrisonville,6
2026-04-07,Union,22,Hermann,0
2026-04-07,Camdenton,3,Hickman,4
2026-04-07,Senath-Hornersville,0,Holcomb,2
2026-04-07,Clever,4,Hollister,5
2026-04-07,Walnut Grove,8,Hurley,1
2026-04-07,Notre Dame (Cape Girardeau),1,Jackson,5
2026-04-07,MICDS,10,John Burroughs,8
2026-04-07,Valle Catholic,11,Kelly,4
2026-04-07,Carthage,4,Kickapoo,8
2026-04-07,Lafayette County,3,Knob Noster,14
2026-04-07,Salisbury,15,Knox County,0
2026-04-07,Dixon,11,Laquey,1
2026-04-07,Webb City,7,Lebanon,4
2026-04-07,Liberty North,14,Lee's Summit,10
2026-04-07,Park Hill South,3,Lee's Summit West,5
2026-04-07,Concordia,2,Lexington,6
2026-04-07,Plato,2,Liberty (Mountain View),10
2026-04-07,Francis Howell North,4,Liberty (Wentzville),2
2026-04-07,Parkway West,1,Lindbergh,12
2026-04-07,Tipton,4,Linn,3
2026-04-07,Northland Christian,15,Lutheran (Kansas City),0
2026-04-07,Northland Christian,15,Lutheran (Kansas City),0
2026-04-07,Westminster Christian Academy,2,Lutheran South,3
2026-04-07,Marion C. Early,15,Macks Creek,4
2026-04-07,Palmyra,0,Macon,1
2026-04-07,Montgomery County,11,Mark Twain,1
2026-04-07,Rockwood Summit,7,Marquette,2
2026-04-07,Fulton,7,Marshall,5
2026-04-07,Hillcrest,0,Marshfield,9
2026-04-07,Savannah,3,Maryville,2
2026-04-07,Jasper,13,Midway,7
2026-04-07,Skyline,11,Miller,6
2026-04-07,Louisiana,5,Missouri Military Academy,6
2026-04-07,McDonald County,2,Monett,12
2026-04-07,Logan-Rogersville,18,Mountain Grove,0
2026-04-07,Aurora,10,Mt. Vernon,1
2026-04-07,Puxico,1,Neelyville,8
2026-04-07,Fayette,5,New Bloomfield,7
2026-04-07,Willard,4,Nixa,5
2026-04-07,Bowling Green,4,North Callaway,5
2026-04-07,Dexter,0,North County,5
2026-04-07,Otterville,2,Northwest (Hughesville),12
2026-04-07,Sweet Springs,4,"Northwestern (Mendon) with Brunswick, Keytesville",14
2026-04-07,Winfield,0,Orchard Farm,15
2026-04-07,Boonville,17,Osage,1
2026-04-07,West Platte,7,Osborn with Stewartsville,1
2026-04-07,Sullivan,10,Owensville,1
2026-04-07,Rolla,8,Pacific,1
2026-04-07,Diamond,7,Parkview,0
2026-04-07,Hillsboro,3,Parkway Central,2
2026-04-07,Affton,0,Pattonville,11
2026-04-07,Ste. Genevieve,10,Perryville,3
2026-04-07,Prairie Home with Bunceton,1,Pilot Grove,14
2026-04-07,King City with Union Star,4,Plattsburg,5
2026-04-07,Odessa,2,Pleasant Hill,9
2026-04-07,Wheatland,11,Pleasant Hope,4
2026-04-07,Gallatin,15,Polo,3
2026-04-07,Sikeston,1,Poplar Bluff,4
2026-04-07,Ellington,4,Potosi,14
2026-04-07,Pilot Grove,14,Prairie Home with Bunceton,1
2026-04-07,Southwest (Washburn),1,Purdy,6
2026-04-07,Strafford,10,Reeds Spring,2
2026-04-07,Clinton,12,Richmond,6
2026-04-07,Parkway North,6,Ritenour,3
2026-04-07,Jefferson City,5,Rock Bridge,6
2026-04-07,Lincoln,5,Sacred Heart,3
2026-04-07,St. James,2,Salem,5
2026-04-07,Knox County,0,Salisbury,15
2026-04-07,Ash Grove,10,Sarcoxie,0
2026-04-07,East Prairie,20,Scott County Central,0
2026-04-07,Nevada,3,Seneca,4
2026-04-07,Conway,10,Seymour,8
2026-04-07,Glasgow,6,Slater,7
2026-04-07,Christian Brothers College,5,SLUH,6
2026-04-07,Helias Catholic,3,Smith-Cotton,5
2026-04-07,Stover,22,Smithton,5
2026-04-07,Maysville,2,South Harrison,3
2026-04-07,Buffalo,2,Springfield Catholic,17
2026-04-07,Holt,16,St. Charles,11
2026-04-07,Kirkwood,6,St. Dominic,2
2026-04-07,Carrollton,2,St. Paul Lutheran (Concordia),12
2026-04-07,St. Clair,7,St. Pius X (Festus),6
2026-04-07,Lawson,0,St. Pius X (Kansas City),15
2026-04-07,Saxony Lutheran,8,St. Vincent,4
2026-04-07,North Platte,15,Stanberry,0
2026-04-07,Liberal,1,Stockton,18
2026-04-07,New Franklin,4,Sturgeon,7
2026-04-07,Niangua,0,Summersville,18
2026-04-07,University Academy Charter with Ewing Marion Kauffman,0,Summit Christian Academy,15
2026-04-07,North Point,7,Timberland,0
2026-04-07,Bevier,2,"Tina-Avalon with Hale, Bosworth",12
2026-04-07,Wright City,17,Van-Far,0
2026-04-07,Priory,3,Veritas Christian Academy,5
2026-04-07,Richland,9,Versailles,1
2026-04-07,St. Charles West,6,Warrenton,4
2026-04-07,Ft. Zumwalt South,1,Washington,2
2026-04-07,Republic,10,Waynesville,2
2026-04-07,Herculaneum,8,West County,9
2026-04-07,Carl Junction,8,West Plains,1
2026-04-07,South Iron,15,Winona,0
2026-04-07,Leopold,11,Woodland,6
2026-04-08,Pattonville,4,Affton,20
2026-04-08,Green City,0,Atlanta,15
2026-04-08,Chaffee,5,Bell City,1
2026-04-08,Kearney,2,Blue Springs,12
2026-04-08,Oak Park,3,Blue Springs South,5
2026-04-08,Polo,14,Brookfield,13
2026-04-08,Hickman,3,Camdenton,4
2026-04-08,Battle with Columbia Independent,4,Capital City,5
2026-04-08,Branson,6,Carthage,3
2026-04-08,Northeast (Kansas City),18,Central (Kansas City),10
2026-04-08,Ruskin,0,Central (St. Joseph),16
2026-04-08,Saxony Lutheran,11,Charleston,0
2026-04-08,SLUH,14,Christian Brothers College,4
2026-04-08,Scotland County,1,Clark County,16
2026-04-08,New Covenant Academy,6,Clever,7
2026-04-08,Santa Fe with Norborne,8,Concordia,9
2026-04-08,Lone Jack,8,Crest Ridge,3
2026-04-08,Meadville with Linn County,1,DeKalb,2
2026-04-08,Notre Dame (Cape Girardeau),3,Dexter,0
2026-04-08,Versailles,4,El Dorado Springs,10
2026-04-08,Smithville,3,Excelsior Springs,8
2026-04-08,St. Francis Borgia,8,Father Tolton,18
2026-04-08,Glasgow,3,Fayette,15
2026-04-08,Perryville,0,Festus,15
2026-04-08,Park Hill,3,Fort Osage,4
2026-04-08,Liberty (Wentzville),2,Francis Howell North,3
2026-04-08,Ft. Zumwalt North,5,Ft. Zumwalt East,0
2026-04-08,Washington,11,Ft. Zumwalt South,1
2026-04-08,Francis Howell,5,Ft. Zumwalt West,0
2026-04-08,Fayette,15,Glasgow,3
2026-04-08,Raymore-Peculiar,9,Grain Valley,8
2026-04-08,Leeton,5,Green Ridge with La Monte,15
2026-04-08,Smith-Cotton,3,Helias Catholic,4
2026-04-08,DeSoto,1,Hillsboro,11
2026-04-08,Warsaw,0,Holden,3
2026-04-08,St. Charles,1,Holt,11
2026-04-08,Liberal,1,Jasper,3
2026-04-08,Rock Bridge,5,Jefferson City,6
2026-04-08,North County,7,Kelly,0
2026-04-08,Herculaneum,12,Kingston,0
2026-04-08,Fox,5,Ladue Horton Watkins,7
2026-04-08,Savannah,16,Lafayette (St. Joseph),4
2026-04-08,Eureka,4,Lafayette (Wildwood),5
2026-04-08,Plattsburg,0,Lathrop,1
2026-04-08,Truman,3,Lee's Summit North,13
2026-04-08,Lee's Summit West,2,Liberty,3
2026-04-08,Principia with Whitfield,0,Lutheran North,15
2026-04-08,Bowling Green,8,Mark Twain,9
2026-04-08,Delta,1,Meadow Heights,6
2026-04-08,Clayton,5,Mehlville,7
2026-04-08,John Burroughs,2,MICDS,9
2026-04-08,Eldon,0,Moberly,7
2026-04-08,Missouri Military Academy,1,Monroe City,12
2026-04-08,Southern Boone,19,Montgomery County,3
2026-04-08,Park Hill South,13,North Kansas City,0
2026-04-08,Timberland,3,North Point,4
2026-04-08,Central (Kansas City),10,Northeast (Kansas City),18
2026-04-08,Lawson,8,Odessa,5
2026-04-08,Ritenour,2,Parkway North,5
2026-04-08,Lindbergh,13,Parkway West,10
2026-04-08,Mid-Buchanan,1,Pembroke Hill,5
2026-04-08,Jamestown,9,Prairie Home with Bunceton,3
2026-04-08,Albany,20,Princeton,5
2026-04-08,"Newtown-Harris with Grundy County, Tri-County",2,Putnam County,14
2026-04-08,Marquette,6,Rockwood Summit,1
2026-04-08,North Shelby,2,Schuyler County,5
2026-04-08,Central (Cape Girardeau),0,Seckman,2
2026-04-08,Elsberry,8,Silex,6
2026-04-08,Lincoln,3,Skyline,4
2026-04-08,South Holt,12,South Nodaway with Jefferson (Conception),2
2026-04-08,Marshfield,8,Springfield Catholic,6
2026-04-08,Warrenton,4,St. Charles West,5
2026-04-08,Fredericktown,5,St. Pius X (Festus),15
2026-04-08,Pleasant Hill,3,St. Pius X (Kansas City),9
2026-04-08,Jefferson (Festus),6,Ste. Genevieve,4
2026-04-08,McCluer North,13,STEAM Academy,5
2026-04-08,Francis Howell Central,11,Troy Buchanan,0
2026-04-08,South Pemiscot,2,Twin Rivers,3
2026-04-08,Priory,5,Valley Park,6
2026-04-08,Raytown South,3,Van Horn,1
2026-04-08,Kingsville,6,Wellington-Napoleon,11
2026-04-08,Marion County,1,Wellsville-Middletown,11
2026-04-08,North Nodaway,1,West Nodaway with Nodaway-Holt,17
2026-04-08,Lutheran South,2,Westminster Christian Academy,6
2026-04-08,Lincoln College Prep,12,William Chrisman,0
2026-04-08,Orchard Farm,13,Winfield,0
2026-04-08,Chillicothe,5,Winnetonka,12
2026-04-09,Woodland,4,Advance,8
2026-04-09,Van Buren,3,Alton,15
2026-04-09,Norwood,3,Alton,10
2026-04-09,Climax Springs,4,Appleton City,9
2026-04-09,New Covenant Academy,3,Ash Grove,12
2026-04-09,Sturgeon,1,Atlanta,2
2026-04-09,Lamar,2,Aurora,5
2026-04-09,Summersville,1,Bakersfield,11
2026-04-09,Bourbon,0,Belle,13
2026-04-09,Crocker,2,Billings,3
2026-04-09,Gainesville,9,Billings,1
2026-04-09,Lafayette (St. Joseph),6,Bishop LeBlond,2
2026-04-09,Bernie,17,Bloomfield,4
2026-04-09,Liberty,8,Blue Springs,1
2026-04-09,Lebanon,1,Boonville,13
2026-04-09,Bolivar,1,Branson,4
2026-04-09,Bevier,15,Bucklin with Macon County,4
2026-04-09,Fair Grove,14,Buffalo,4
2026-04-09,Ava,10,Cabool,3
2026-04-09,Russellville,8,California,2
2026-04-09,Maryville,7,Cameron,2
2026-04-09,West Plains,3,Carl Junction,4
2026-04-09,Chillicothe,4,Carrollton,1
2026-04-09,Ozark,4,Carthage,1
2026-04-09,Northeast (Kansas City),0,Center,13
2026-04-09,Fatima,6,Central (Cape Girardeau),1
2026-04-09,William Chrisman,2,Central (St. Joseph),3
2026-04-09,Clarkton,10,Charleston,13
2026-04-09,Ft. Zumwalt East,9,Clayton,3
2026-04-09,South Iron,14,Clearwater,5
2026-04-09,Reeds Spring,18,Clever,9
2026-04-09,Van-Far,11,Community,15
2026-04-09,Concordia,4,Crest Ridge,10
2026-04-09,Hartville,6,Crocker,5
2026-04-09,Hurley,2,Dadeville,15
2026-04-09,Parkway West,8,De Smet Jesuit,3
2026-04-09,Leopold,10,Delta,1
2026-04-09,Hillsboro,4,DeSoto,3
2026-04-09,Naylor,4,Doniphan,14
2026-04-09,Miami (Amoret),2,Drexel,4
2026-04-09,Lutheran St. Charles,4,Duchesne,16
2026-04-09,Winona,0,East Carter,19
2026-04-09,Monett,7,East Newton,1
2026-04-09,Chaffee,16,Ellington,2
2026-04-09,Clopton,5,Elsberry,10
2026-04-09,Poplar Bluff,7,Farmington,10
2026-04-09,Pleasant Hope,0,Fordland,11
2026-04-09,Springfield Catholic,12,Forsyth,0
2026-04-09,North Point,5,Francis Howell Central,8
2026-04-09,Mexico,1,Fulton,5
2026-04-09,Hartville,5,Gainesville,8
2026-04-09,Trenton,4,Gallatin,2
2026-04-09,St. Vincent,9,Grandview (Hillsboro),0
2026-04-09,Gilman City with North Daviess,14,Green City,4
2026-04-09,Macks Creek,1,Halfway,7
2026-04-09,Macon,10,Hallsville,0
2026-04-09,Hancock,16,Hazelwood East,8
2026-04-09,Seckman,19,Hazelwood West,0
2026-04-09,Crystal City,4,Herculaneum,14
2026-04-09,Wheatland,0,Hermitage,2
2026-04-09,Clark County,11,Highland,0
2026-04-09,Marshfield,6,Hillcrest,0
2026-04-09,Adrian,10,Holden,8
2026-04-09,Salem,1,Houston,7
2026-04-09,North County,2,Jackson,15
2026-04-09,Archie,5,Jasper,10
2026-04-09,Meadow Heights,0,Jefferson (Festus),2
2026-04-09,Oakville,1,Kirkwood,3
2026-04-09,Lexington,3,Knob Noster,16
2026-04-09,Brashear with Novinger,7,La Plata,4
2026-04-09,Osceola,4,Lakeland,8
2026-04-09,Richland,17,Laquey,1
2026-04-09,North Platte,3,Lawson,2
2026-04-09,Grain Valley,4,Lee's Summit North,15
2026-04-09,Blue Springs,1,Liberty,8
2026-04-09,Cole Camp,8,Lincoln,6
2026-04-09,East (Kansas City),0,Lincoln College Prep,15
2026-04-09,Weaubleau,0,Marion C. Early,10
2026-04-09,Blue Eye,3,Marionville,2
2026-04-09,Capital City,14,Marshall,2
2026-04-09,Seneca,3,McDonald County,1
2026-04-09,Lindbergh,13,Mehlville,4
2026-04-09,East Buchanan,7,Mid-Buchanan,8
2026-04-09,Marceline,18,Milan,2
2026-04-09,Lockwood,0,Miller,8
2026-04-09,Kirksville,0,Moberly,10
2026-04-09,Westran,2,Montgomery County,12
2026-04-09,Cassville,5,Mt. Vernon,12
2026-04-09,Glendale,14,Neosho,8
2026-04-09,Northeast (Cairo),1,New Franklin,5
2026-04-09,St. Clair,13,New Haven,9
2026-04-09,Crane,26,Niangua,0
2026-04-09,Wellsville-Middletown,0,North Callaway,15
2026-04-09,Monroe City,3,North Shelby,6
2026-04-09,Center,13,Northeast (Kansas City),0
2026-04-09,Osborn with Stewartsville,1,Northeast Nodaway with Worth County,3
2026-04-09,Parkway South,18,Northwest (Cedar Hill),2
2026-04-09,Smithton,0,Northwest (Hughesville),16
2026-04-09,Higbee,4,"Northwestern (Mendon) with Brunswick, Keytesville",15
2026-04-09,Alton,10,Norwood,3
2026-04-09,Van Buren,6,Norwood,0
2026-04-09,Savannah,3,Oak Grove,5
2026-04-09,Scott County Central,1,Oak Ridge,18
2026-04-09,East Prairie,0,Oran,6
2026-04-09,Brentwood,1,Orchard Farm,10
2026-04-09,Windsor,24,Otterville,7
2026-04-09,Union,1,Owensville,3
2026-04-09,St. James,0,Pacific,10
2026-04-09,Lee's Summit West,14,Park Hill,3
2026-04-09,West Platte,15,Penney,0
2026-04-09,Festus,7,Perryville,1
2026-04-09,Madison,0,Pilot Grove,15
2026-04-09,Licking,17,Plato,2
2026-04-09,Albany,20,Princeton,6
2026-04-09,Bishop DuBourg,2,Principia with Whitfield,12
2026-04-09,Maysville,8,Putnam County,0
2026-04-09,Republic,12,Raymore-Peculiar,16
2026-04-09,Benton,22,Richmond,0
2026-04-09,Puxico,12,Risco,1
2026-04-09,Blair Oaks,7,Rolla,5
2026-04-09,University Academy Charter with Ewing Marion Kauffman,7,Ruskin,9
2026-04-09,Stover,2,Sacred Heart,14
2026-04-09,Harrisburg,0,Salisbury,15
2026-04-09,Pierce City,8,Sarcoxie,13
2026-04-09,Lebanon,5,Smith-Cotton,6
2026-04-09,Faith Christian Academy,16,South Harrison,0
2026-04-09,Senath-Hornersville,3,South Pemiscot,4
2026-04-09,Centralia,18,South Shelby,0
2026-04-09,Exeter,2,Southwest (Washburn),5
2026-04-09,Seymour,3,Spokane,4
2026-04-09,Westminster Christian Academy,1,St. Dominic,2
2026-04-09,Helias Catholic,4,St. Elizabeth,3
2026-04-09,North Andrew,4,St. Joseph Christian,7
2026-04-09,Central (Park Hills),1,St. Pius X (Festus),11
2026-04-09,Pattonsburg with Winston,5,Stanberry,1
2026-04-09,Cuba,12,Steelville,0
2026-04-09,Dixon,16,Stoutland,4
2026-04-09,Hollister,5,Strafford,6
2026-04-09,Leeton,0,Sweet Springs,10
2026-04-09,Rock Port,10,"Tarkio with Fairfax, Craig",5
2026-04-09,Mountain Grove,0,Thayer,10
2026-04-09,Oak Park,15,Truman,0
2026-04-09,Neelyville,12,Twin Rivers,1
2026-04-09,Southeast,2,Van Horn,25
2026-04-09,Valley Park,0,Veritas Christian Academy,10
2026-04-09,Greenwood,12,Verona,1
2026-04-09,Chaminade College Prep,1,Vianney,4
2026-04-09,Calvary Lutheran,1,Vienna,6
2026-04-09,Wheaton,3,Walnut Grove,6
2026-04-09,Republic,1,Warrensburg,0
2026-04-09,Versailles,4,Warsaw,12
2026-04-09,Central (Springfield),0,Webb City,14
2026-04-09,Parkway Central,1,Webster Groves,9
2026-04-09,Waynesville,6,Willard,8
2026-04-09,Liberty (Mountain View),5,Willow Springs,3
2026-04-10,Ritenour,2,Affton,15
2026-04-10,North Nodaway,8,Albany,11
2026-04-10,Gainesville,6,Alton,5
2026-04-10,Clever,2,Arcadia Valley,3
2026-04-10,Cameron,0,Barstow,5
2026-04-10,Cuba,3,Belle,2
2026-04-10,Neelyville,4,Bernie,4
2026-04-10,Norwood,14,Billings,3
2026-04-10,Timberland,12,Blair Oaks,10
2026-04-10,Truman,0,Blue Springs South,5
2026-04-10,Nevada,1,Boonville,0
2026-04-10,Green City,16,Bucklin with Macon County,5
2026-04-10,Eugene,2,Camdenton,15
2026-04-10,Central (New Madrid County),0,Caruthersville with Hayti,11
2026-04-10,Scott City,14,Caruthersville with Hayti,2
2026-04-10,St. Elizabeth,5,Central (Cape Girardeau),1
2026-04-10,Scott City,12,Central (New Madrid County),0
2026-04-10,Lafayette (Wildwood),3,Chaminade College Prep,5
2026-04-10,Stockton,4,Clinton,8
2026-04-10,Christian Fellowship Sr.,5,Clopton,11
2026-04-10,North Platte,14,Crest Ridge,1
2026-04-10,Herculaneum,12,Crystal City,0
2026-04-10,Marion C. Early,5,Dadeville,4
2026-04-10,Oak Ridge,11,Delta,4
2026-04-10,Sullivan,5,DeSoto,9
2026-04-10,Bell City,0,Dexter,6
2026-04-10,Linn,7,Dixon,0
2026-04-10,East Prairie,7,Doniphan,5
2026-04-10,Portageville,10,Doniphan,0
2026-04-10,Portageville,8,East Prairie,5
2026-04-10,Community,8,Elsberry,3
2026-04-10,Ladue Horton Watkins,0,Eureka,11
2026-04-10,Notre Dame (Cape Girardeau),1,Farmington,3
2026-04-10,Salisbury,6,Fayette,3
2026-04-10,Lakeland,2,Fordland,6
2026-04-10,Kelly,10,Fredericktown,0
2026-04-10,Montgomery County,3,Ft. Zumwalt South,6
2026-04-10,Purdy,18,Galena,0
2026-04-10,Bayless,16,Gateway with Soldan International Studies,0
2026-04-10,Risco,13,Gideon,2
2026-04-10,Raytown,1,Grandview,2
2026-04-10,Walnut Grove,5,Halfway,10
2026-04-10,Fulton,1,Hannibal,2
2026-04-10,Richmond,2,Harrisonville,11
2026-04-10,Van Buren,6,Hartville,9
2026-04-10,Liberty (Wentzville),13,Hazelwood West,1
2026-04-10,Pembroke Hill,4,Helias Catholic,2
2026-04-10,Belle,11,Hermann,0
2026-04-10,Cuba,0,Hermann,7
2026-04-10,Father Tolton,3,Hickman,4
2026-04-10,Puxico,3,Holcomb,5
2026-04-10,Licking,1,Iberia,10
2026-04-10,Central (Cape Girardeau),10,Jefferson City,9
2026-04-10,Webster Groves,2,John Burroughs,3
2026-04-10,East Carter,1,Kennett,2
2026-04-10,Valley,9,Kingston,7
2026-04-10,Braymer with Breckenridge,0,Lathrop,14
2026-04-10,Blair Oaks,11,Lee's Summit,4
2026-04-10,Capital City,3,Lee's Summit,5
2026-04-10,Scott County Central,2,Leopold,21
2026-04-10,Skyline,2,Lockwood,3
2026-04-10,Mid-Buchanan,0,Logan-Rogersville,3
2026-04-10,Kingsville,0,Lone Jack,10
2026-04-10,Bernie,17,Malden,2
2026-04-10,Neelyville,17,Malden,2
2026-04-10,Bishop LeBlond,2,Marceline,5
2026-04-10,Verona,0,Marionville,9
2026-04-10,Northwest (Cedar Hill),1,Marquette,4
2026-04-10,St. Francis Borgia,1,Marshfield,11
2026-04-10,Rock Port,0,Maysville,3
2026-04-10,Jennings,6,McCluer North,21
2026-04-10,Webb City,15,McDonald County,1
2026-04-10,Woodland,0,Meadow Heights,15
2026-04-10,Waynesville,3,Mexico,4
2026-04-10,Conway,5,Mountain Grove,8
2026-04-10,Pierce City,17,New Heights Christian,12
2026-04-10,"Tina-Avalon with Hale, Bosworth",3,"Northwestern (Mendon) with Brunswick, Keytesville",4
2026-04-10,Lee's Summit North,2,Oak Park,0
2026-04-10,Fox,5,Oakville,6
2026-04-10,Francis Howell North,3,Orchard Farm,4
2026-04-10,Priory,1,Parkway Central,5
2026-04-10,St. Joseph Christian,9,Pattonsburg with Winston,2
2026-04-10,Staley,4,Platte County,2
2026-04-10,Gallatin,2,Plattsburg,4
2026-04-10,Veritas Christian Academy,11,Principia with Whitfield,5
2026-04-10,Battle with Columbia Independent,6,Raymore-Peculiar,16
2026-04-10,Belton,14,Raytown South,6
2026-04-10,SLUH,4,Rockhurst,2
2026-04-10,Westminster Christian Academy,1,Rockwood Summit,11
2026-04-10,Kearney,11,Rolla,4
2026-04-10,Timberland,15,Rolla,3
2026-04-10,La Plata,3,Scotland County,6
2026-04-10,Parkway West,0,Seckman,4
2026-04-10,Ste. Genevieve,16,Sikeston,8
2026-04-10,Knox County,0,Silex,12
2026-04-10,Republic,0,Smith-Cotton,5
2026-04-10,Pembroke Hill,5,Southern Boone,8
2026-04-10,St. Clair,9,St. Charles,5
2026-04-10,Fatima,3,St. Charles West,4
2026-04-10,Helias Catholic,10,St. Charles West,5
2026-04-10,Grandview (Hillsboro),0,St. Vincent,10
2026-04-10,Bismarck,3,Steelville,0
2026-04-10,Valley,0,Steelville,6
2026-04-10,Seneca,2,Strafford,5
2026-04-10,Central (Park Hills),3,Valle Catholic,4
2026-04-10,Liberty North,1,Warrensburg,7
2026-04-10,Northland Christian,7,West Platte,1
2026-04-10,Appleton City,2,Wheatland,3
2026-04-11,Houston,8,Alton,10
2026-04-11,Cooter,5,Arcadia Valley,3
2026-04-11,Exeter,1,Ash Grove,16
2026-04-11,Sparta,1,Ash Grove,11
2026-04-11,Linn,3,Belle,2
2026-04-11,Portageville,8,Bernie,10
2026-04-11,Scott City,16,Bernie,6
2026-04-11,Valley,7,Bismarck,6
2026-04-11,Park Hill,0,Blue Springs,3
2026-04-11,Raymore-Peculiar,21,Boonville,9
2026-04-11,Battle with Columbia Independent,9,Boonville,7
2026-04-11,South Shelby,1,Brashear with Novinger,8
2026-04-11,Mexico,12,Camdenton,6
2026-04-11,Waynesville,5,Camdenton,7
2026-04-11,East Prairie,8,Caruthersville with Hayti,9
2026-04-11,Neelyville,9,Caruthersville with Hayti,3
2026-04-11,Hillcrest,10,Cassville,1
2026-04-11,Purdy,6,Cassville,4
2026-04-11,Eldon,2,Centralia,12
2026-04-11,Linn,6,Cuba,9
2026-04-11,Lakeland,4,Dadeville,5
2026-04-11,Lafayette (Wildwood),6,De Smet Jesuit,1
2026-04-11,Lafayette (Wildwood),11,De Smet Jesuit,6
2026-04-11,Scott County Central,0,Delta,21
2026-04-11,Fredericktown,1,DeSoto,16
2026-04-11,Kelly,3,DeSoto,7
2026-04-11,Malden,3,Doniphan,7
2026-04-11,Central (New Madrid County),9,Doniphan,13
2026-04-11,St. Michael the Archangel,1,Duchesne,7
2026-04-11,Neelyville,9,East Prairie,0
2026-04-11,Sparta,4,Exeter,3
2026-04-11,Marion C. Early,3,Fordland,7
2026-04-11,Ft. Zumwalt North,3,Francis Howell Central,8
2026-04-11,Sullivan,18,Fredericktown,0
2026-04-11,Warrenton,2,Ft. Zumwalt East,12
2026-04-11,Wright City,0,Ft. Zumwalt East,4
2026-04-11,Stoutland,4,Green Ridge with La Monte,3
2026-04-11,Calvary Lutheran,9,Green Ridge with La Monte,4
2026-04-11,Marshall,3,Hallsville,9
2026-04-11,Sturgeon,6,Hallsville,4
2026-04-11,Benton,1,Harrisonville,0
2026-04-11,Benton,3,Harrisonville,4
2026-04-11,Dixon,12,Hermann,2
2026-04-11,Purdy,10,Hillcrest,0
2026-04-11,Washington,7,Hillsboro,5
2026-04-11,Washington,5,Hillsboro,6
2026-04-11,McDonald County,1,Hollister,5
2026-04-11,New Covenant Academy,1,Hollister,11
2026-04-11,Alton,10,Houston,8
2026-04-11,California,11,Jamestown,1
2026-04-11,Troy Buchanan,9,Jefferson City,3
2026-04-11,Sullivan,12,Kelly,4
2026-04-11,Steelville,15,Kingston,0
2026-04-11,Bismarck,4,Kingston,11
2026-04-11,Central (Cape Girardeau),2,Lee's Summit,13
2026-04-11,Oak Ridge,0,Leopold,2
2026-04-11,Lee's Summit North,6,Liberty,4
2026-04-11,Lee's Summit North,1,Liberty,7
2026-04-11,St. Francis Borgia,0,Logan-Rogersville,15
2026-04-11,Father Tolton,8,Lutheran South,7
2026-04-11,Jackson,9,Lutheran St. Charles,0
2026-04-11,Jackson,10,Lutheran St. Charles,0
2026-04-11,Central (New Madrid County),5,Malden,3
2026-04-11,Lebanon,2,Marquette,12
2026-04-11,Sturgeon,0,Marshall,16
2026-04-11,Faith Christian Academy,0,Maysville,6
2026-04-11,New Covenant Academy,4,McDonald County,3
2026-04-11,Eugene,2,Mexico,8
2026-04-11,Smithville,0,Mid-Buchanan,3
2026-04-11,Summit Christian Academy,12,Mid-Buchanan,2
2026-04-11,Smith-Cotton,4,Nevada,13
2026-04-11,Battle with Columbia Independent,4,Nevada,6
2026-04-11,Faith Christian Academy,0,Northland Christian,2
2026-04-11,Van-Far,9,Paris with Faith Walk,12
2026-04-11,Missouri Military Academy,2,Paris with Faith Walk,20
2026-04-11,Eureka,8,Parkway South,3
2026-04-11,Scott City,10,Portageville,1
2026-04-11,Warrensburg,2,Raymore-Peculiar,1
2026-04-11,Liberty North,7,Republic,1
2026-04-11,Willard,1,Rock Bridge,4
2026-04-11,Vienna,2,Rock Port,6
2026-04-11,Sacred Heart,0,Rock Port,14
2026-04-11,South Callaway,1,Schuyler County,0
2026-04-11,South Shelby,0,Schuyler County,6
2026-04-11,Nevada,13,Smith-Cotton,4
2026-04-11,Liberty North,9,Smith-Cotton,6
2026-04-11,Brashear with Novinger,1,South Callaway,19
2026-04-11,Union,12,Southern Boone,2
2026-04-11,Rolla,10,St. Charles West,0
2026-04-11,Troy Buchanan,5,St. Charles West,7
2026-04-11,Duchesne,6,St. Michael the Archangel,4
2026-04-11,Calvary Lutheran,3,Stoutland,0
2026-04-11,Pembroke Hill,2,Timberland,6
2026-04-11,Jamestown,2,Tipton,12
2026-04-11,California,0,Tipton,10
2026-04-11,Timberland,4,Union,12
2026-04-11,Missouri Military Academy,11,Van-Far,1
2026-04-11,Lutheran South,1,Vianney,3
2026-04-11,Father Tolton,1,Vianney,6
2026-04-11,West Platte,8,Vienna,4
2026-04-11,Wright City,9,Warrenton,1
2026-04-11,Eugene,3,Waynesville,2
2026-04-11,Ft. Zumwalt West,6,Webster Groves,1
2026-04-11,Ft. Zumwalt West,8,Webster Groves,6
2026-04-11,Smithville,6,West Plains,7
2026-04-11,St. Francis Borgia,2,West Plains,3
2026-04-13,Odessa,7,Adrian,2
2026-04-13,Woodland,2,Advance,6
2026-04-13,Herculaneum,3,Affton,13
2026-04-13,St. Joseph Christian,1,Albany,3
2026-04-13,Licking,5,Alton,3
2026-04-13,Liberty (Mountain View),1,Ava,13
2026-04-13,Bloomfield,6,Bernie,9
2026-04-13,Nevada,10,Bolivar,3
2026-04-13,Warsaw,9,Buffalo,7
2026-04-13,Valley,18,Bunker with Lesterville,1
2026-04-13,Salem,16,Cabool,2
2026-04-13,Belle,7,California,3
2026-04-13,Logan-Rogersville,12,Cassville,5
2026-04-13,St. Vincent,0,Chaffee,10
2026-04-13,Campbell,3,Charleston,4
2026-04-13,Vianney,4,Christian Brothers College,5
2026-04-13,Senath-Hornersville,11,Clarkton,0
2026-04-13,Monroe City,9,Community,12
2026-04-13,Laquey,0,Conway,15
2026-04-13,Stoutland,2,Crocker,17
2026-04-13,Arcadia Valley,8,Crystal City,4
2026-04-13,South Holt,10,DeKalb,1
2026-04-13,Mehlville,9,DeSoto,3
2026-04-13,Ash Grove,5,Diamond,13
2026-04-13,Southeast,0,East (Kansas City),15
2026-04-13,Prairie Home with Bunceton,3,Eugene,17
2026-04-13,Springfield Catholic,6,Fair Grove,11
2026-04-13,Savannah,6,Faith Christian Academy,14
2026-04-13,Windsor (Imperial),2,Festus,3
2026-04-13,Norwood,1,Fordland,4
2026-04-13,Aurora,16,Forsyth,5
2026-04-13,Lee's Summit West,9,Fort Osage,6
2026-04-13,Exeter,3,Galena,4
2026-04-13,Blue Springs South,12,Grain Valley,1
2026-04-13,Lockwood,14,Greenfield with Golden City,4
2026-04-13,Bayless,7,Hancock,0
2026-04-13,Montgomery County,2,Hannibal,12
2026-04-13,Jennings,4,Hazelwood Central,19
2026-04-13,East Prairie,4,Holcomb,5
2026-04-13,Lakeland,12,Humansville with Fair Play,0
2026-04-13,Central (St. Joseph),0,Kearney,1
2026-04-13,Portageville,0,Kennett,10
2026-04-13,Midway,0,Knob Noster,15
2026-04-13,East Buchanan,3,Lafayette (St. Joseph),15
2026-04-13,Oakville,2,Lafayette (Wildwood),16
2026-04-13,Gilman City with North Daviess,5,Lathrop,6
2026-04-13,Fort Osage,6,Lee's Summit West,9
2026-04-13,Lafayette County,6,Lexington,5
2026-04-13,Russellville,14,Lincoln,3
2026-04-13,University Academy Charter with Ewing Marion Kauffman,5,Lincoln College Prep,23
2026-04-13,Kirkwood,8,Lindbergh,10
2026-04-13,Butler,5,Lone Jack,6
2026-04-13,Walnut Grove,7,Macks Creek,0
2026-04-13,Caruthersville with Hayti,13,Malden,0
2026-04-13,Brentwood,26,Maplewood-Richmond Hts.,8
2026-04-13,Glendale,2,Marshfield,17
2026-04-13,Marceline,1,Maysville,6
2026-04-13,North Callaway,2,Mexico,8
2026-04-13,Cameron,5,Mid-Buchanan,11
2026-04-13,New Heights Christian,3,Miller,6
2026-04-13,Windsor,11,Montrose with Ballard,1
2026-04-13,Houston,1,Mountain Grove,2
2026-04-13,Greenville,15,Naylor,3
2026-04-13,King City with Union Star,15,North Andrew,1
2026-04-13,Northwest (Cedar Hill),0,North County,3
2026-04-13,Winnetonka,10,North Kansas City,2
2026-04-13,Ft. Zumwalt West,8,North Point,0
2026-04-13,Glasgow,2,Northeast (Cairo),3
2026-04-13,William Chrisman,0,Oak Park,8
2026-04-13,Meadow Heights,5,Oran,6
2026-04-13,Ft. Zumwalt South,1,Orchard Farm,3
2026-04-13,Appleton City,13,Osceola,3
2026-04-13,Carl Junction,2,Ozark,9
2026-04-13,Park Hill South,17,Pacific,8
2026-04-13,Park Hill South,12,Pacific,16
2026-04-13,Raymore-Peculiar,4,Park Hill,8
2026-04-13,Liberty (Wentzville),12,Parkway West,8
2026-04-13,University City,0,Pattonville,15
2026-04-13,East Newton,10,Pierce City,11
2026-04-13,Sweet Springs,7,Pilot Grove,1
2026-04-13,Smithville,2,Platte County,3
2026-04-13,Halfway,3,Pleasant Hope,6
2026-04-13,Twin Rivers,0,Poplar Bluff,14
2026-04-13,Raytown,6,Raytown South,3
2026-04-13,Osage,6,Richland,2
2026-04-13,South Nodaway with Jefferson (Conception),1,Rock Port,14
2026-04-13,Ellington,0,Saxony Lutheran,15
2026-04-13,Hollister,2,Seneca,10
2026-04-13,Mansfield,6,Seymour,1
2026-04-13,Clever,4,Skyline,5
2026-04-13,New Franklin,37,Smithton,0
2026-04-13,Lamar,16,Southwest (Washburn),0
2026-04-13,Hazelwood West,2,St. Charles,0
2026-04-13,Francis Howell Central,0,St. Dominic,8
2026-04-13,Lutheran South,9,St. Francis Borgia,11
2026-04-13,Rockhurst,12,Staley,1
2026-04-13,Leeton,14,Stover,1
2026-04-13,Pleasant Hill,1,Summit Christian Academy,10
2026-04-13,South Harrison,8,Trenton,14
2026-04-13,New Haven,2,Union,18
2026-04-13,St. Pius X (Festus),2,Valle Catholic,8
2026-04-13,Missouri Military Academy,8,Van-Far,15
2026-04-13,Sherwood,16,Versailles,1
2026-04-13,Richmond,5,Warrensburg,12
2026-04-13,Carrollton,4,Wellington-Napoleon,1
2026-04-13,Madison,11,Wellsville-Middletown,4
2026-04-13,Thayer,13,Willow Springs,2
2026-04-13,Bowling Green,1,Winfield,7
2026-04-13,Bakersfield,15,Winona,0
2026-04-14,Bernie,13,Advance,2
2026-04-14,Bismarck,3,Arcadia Valley,18
2026-04-14,Conway,1,Ash Grove,7
2026-04-14,Seymour,0,Ava,3
2026-04-14,Jefferson City,1,Battle with Columbia Independent,11
2026-04-14,Hancock,1,Bayless,16
2026-04-14,Sparta,7,Blue Eye,3
2026-04-14,Hillcrest,1,Bolivar,5
2026-04-14,Father Tolton,9,Boonville,5
2026-04-14,Steelville,0,Bourbon,5
2026-04-14,Montgomery County,3,Bowling Green,0
2026-04-14,North Platte,11,Braymer with Breckenridge,0
2026-04-14,Maplewood-Richmond Hts.,10,Brentwood,11
2026-04-14,Atlanta,16,Bucklin with Macon County,1
2026-04-14,Clever,8,Buffalo,2
2026-04-14,Warsaw,13,Butler,1
2026-04-14,Warrensburg,4,California,5
2026-04-14,New Haven,13,Calvary Lutheran,0
2026-04-14,Capital City,1,Camdenton,8
2026-04-14,Branson,1,Carl Junction,8
2026-04-14,Farmington,15,Central (Park Hills),0
2026-04-14,Republic,21,Central (Springfield),0
2026-04-14,Raytown South,5,Central (St. Joseph),9
2026-04-14,Exeter,13,Chadwick,0
2026-04-14,Scott County Central,2,Chaffee,12
2026-04-14,Humansville with Fair Play,5,Climax Springs,6
2026-04-14,El Dorado Springs,5,Clinton,6
2026-04-14,Smithton,1,Cole Camp,16
2026-04-14,Sweet Springs,2,Concordia,4
2026-04-14,Charleston,4,Cooter,14
2026-04-14,Kingsville,9,Crest Ridge,10
2026-04-14,Wheatland,3,Crocker,8
2026-04-14,Bishop DuBourg,0,Crystal City,10
2026-04-14,St. Clair,0,Cuba,6
2026-04-14,SLUH,0,De Smet Jesuit,6
2026-04-14,Puxico,0,Dexter,2
2026-04-14,Wheaton,3,Diamond,4
2026-04-14,St. Elizabeth,19,Dixon,11
2026-04-14,Saxony Lutheran,1,East Carter,0
2026-04-14,Central (New Madrid County),3,East Prairie,15
2026-04-14,Eugene,7,Fayette,1
2026-04-14,Spokane,4,Fordland,5
2026-04-14,Strafford,3,Forsyth,5
2026-04-14,Clayton,1,Fox,4
2026-04-14,Troy Buchanan,1,Francis Howell,2
2026-04-14,Francis Howell Central,8,Francis Howell North,3
2026-04-14,North County,16,Fredericktown,0
2026-04-14,Washington,9,Ft. Zumwalt East,7
2026-04-14,North Point,11,Ft. Zumwalt South,10
2026-04-14,Liberty (Wentzville),0,Ft. Zumwalt West,2
2026-04-14,Moberly,7,Fulton,1
2026-04-14,Southwest (Washburn),2,Galena,1
2026-04-14,Webb City,3,Glendale,2
2026-04-14,Ruskin,0,Grain Valley,22
2026-04-14,Osceola,0,Greenfield with Golden City,14
2026-04-14,Clearwater,3,Greenville,13
2026-04-14,Halfway,6,Greenwood,1
2026-04-14,Hazelwood West,27,Hazelwood Central,0
2026-04-14,STEAM Academy,19,Hazelwood East,3
2026-04-14,Community,0,Hermann,6
2026-04-14,Dadeville,17,Hermitage,4
2026-04-14,Smith-Cotton,12,Hickman,4
2026-04-14,El Dorado Springs,5,Holden,1
2026-04-14,Warrenton,15,Holt,6
2026-04-14,Stoutland,0,Iberia,13
2026-04-14,Central (Cape Girardeau),3,Jackson,4
2026-04-14,Drexel,2,Jasper,8
2026-04-14,Grandview (Hillsboro),0,Jefferson (Festus),10
2026-04-14,Neosho,1,Kickapoo,9
2026-04-14,Valle Catholic,20,Kingston,0
2026-04-14,Hannibal,15,Kirksville,11
2026-04-14,Hannibal,10,Kirksville,0
2026-04-14,Lincoln,7,Lakeland,3
2026-04-14,Cassville,13,Lamar,2
2026-04-14,Summersville,21,Laquey,9
2026-04-14,Willard,14,Lebanon,0
2026-04-14,Sarcoxie,7,Lockwood,0
2026-04-14,St. Paul Lutheran (Concordia),0,Lone Jack,10
2026-04-14,Westminster Christian Academy,11,Lutheran North,1
2026-04-14,John Burroughs,4,Lutheran South,3
2026-04-14,St. Dominic,10,Lutheran St. Charles,0
2026-04-14,Centralia,7,Macon,3
2026-04-14,Miller,11,Marionville,6
2026-04-14,Canton,12,Mark Twain,8
2026-04-14,Lindbergh,2,Marquette,6
2026-04-14,Savannah,3,Maryville,7
2026-04-14,Northeast Nodaway with Worth County,1,Maysville,11
2026-04-14,East Newton,1,McDonald County,4
2026-04-14,Pattonville,9,Mehlville,14
2026-04-14,Marshall,1,Mexico,9
2026-04-14,Aurora,5,Monett,6
2026-04-14,Licking,4,Mountain Grove,2
2026-04-14,Mt. Vernon,0,Nevada,2
2026-04-14,Mansfield,7,New Covenant Academy,3
2026-04-14,Liberal,10,New Heights Christian,9
2026-04-14,Carthage,3,Nixa,7
2026-04-14,Stanberry,1,North Harrison,13
2026-04-14,Fort Osage,9,North Kansas City,7
2026-04-14,Sturgeon,20,Northeast (Cairo),6
2026-04-14,West Platte,2,Northland Christian,5
2026-04-14,Westran,1,"Northwestern (Mendon) with Brunswick, Keytesville",10
2026-04-14,Houston,8,Norwood,6
2026-04-14,Poplar Bluff,4,Notre Dame (Cape Girardeau),5
2026-04-14,Harrisonville,8,Oak Grove,6
2026-04-14,Parkway South,3,Oakville,4
2026-04-14,Kelly,10,Oran,7
2026-04-14,Blair Oaks,4,Osage,1
2026-04-14,Sacred Heart,10,Otterville,0
2026-04-14,Joplin,3,Ozark,2
2026-04-14,Clark County,3,Palmyra,10
2026-04-14,South Shelby,5,Paris with Faith Walk,7
2026-04-14,Northwest (Cedar Hill),12,Parkway Central,0
2026-04-14,Eureka,11,Parkway West,1
2026-04-14,Bishop LeBlond,8,Penney,7
2026-04-14,Stockton,13,Pierce City,1
2026-04-14,Jamestown,1,Pilot Grove,9
2026-04-14,Marion C. Early,2,Pleasant Hope,8
2026-04-14,Lathrop,12,Polo,2
2026-04-14,Twin Rivers,1,Portageville,9
2026-04-14,Ste. Genevieve,6,Potosi,7
2026-04-14,Priory,12,Principia with Whitfield,2
2026-04-14,Plattsburg,9,Putnam County,7
2026-04-14,Belton,13,Raytown,4
2026-04-14,Fair Grove,2,Reeds Spring,0
2026-04-14,Plato,0,Richland,10
2026-04-14,Ladue Horton Watkins,14,Ritenour,2
2026-04-14,Helias Catholic,4,Rock Bridge,8
2026-04-14,Lee's Summit North,6,Rockhurst,3
2026-04-14,Lafayette (Wildwood),4,Rockwood Summit,12
2026-04-14,Marshfield,8,Rolla,10
2026-04-14,Harrisburg,1,Russellville,10
2026-04-14,Madison,2,Salisbury,17
2026-04-14,La Plata,0,Schuyler County,10
2026-04-14,North Shelby,10,Scotland County,0
2026-04-14,Leopold,0,Scott City,16
2026-04-14,Webster Groves,4,Seckman,12
2026-04-14,Gideon,3,Senath-Hornersville,7
2026-04-14,Appleton City,8,Skyline,5
2026-04-14,Linn,2,South Callaway,5
2026-04-14,Brookfield,7,South Harrison,1
2026-04-14,Meadow Heights,6,South Iron,5
2026-04-14,DeKalb,2,South Nodaway with Jefferson (Conception),8
2026-04-14,Northeast (Kansas City),22,Southeast,5
2026-04-14,Hallsville,0,Southern Boone,15
2026-04-14,Hollister,7,Springfield Catholic,6
2026-04-14,Orchard Farm,2,St. Charles West,3
2026-04-14,Lutheran St. Charles,0,St. Dominic,10
2026-04-14,Owensville,6,St. James,2
2026-04-14,East Buchanan,12,St. Joseph Christian,10
2026-04-14,Park Hill,10,St. Pius X (Kansas City),7
2026-04-14,Herculaneum,10,St. Vincent,1
2026-04-14,Winona,1,Thayer,16
2026-04-14,Ft. Zumwalt North,3,Timberland,13
2026-04-14,New Bloomfield,8,Tipton,3
2026-04-14,Francis Howell,4,Troy Buchanan,3
2026-04-14,Blue Springs,7,Truman,0
2026-04-14,McCluer North,3,University City,13
2026-04-14,West County,9,Valley,0
2026-04-14,Ellington,1,Van Buren,4
2026-04-14,St. Michael the Archangel,17,Van Horn,2
2026-04-14,Elsberry,6,Van-Far,7
2026-04-14,Duchesne,5,Veritas Christian Academy,2
2026-04-14,Christian Brothers College,1,Vianney,9
2026-04-14,Hurley,1,Walnut Grove,12
2026-04-14,Parkview,5,Waynesville,8
2026-04-14,Macks Creek,4,Weaubleau,14
2026-04-14,Missouri Military Academy,18,Wellsville-Middletown,4
2026-04-14,Logan-Rogersville,4,West Plains,1
2026-04-14,Excelsior Springs,8,William Chrisman,1
2026-04-14,Northwest (Hughesville),4,Windsor,7
2026-04-14,Festus,14,Windsor (Imperial),1
2026-04-14,St. Charles,2,Winfield,1
2026-04-14,Louisiana,1,Wright City,8
2026-04-15,Puxico,3,Advance,8
2026-04-15,Parkway North,1,Affton,11
2026-04-15,Savannah,12,Benton,1
2026-04-15,Knox County,5,Canton,6
2026-04-15,Camdenton,0,Capital City,7
2026-04-15,Fox,1,Clayton,3
2026-04-15,Bell City,8,Delta,5
2026-04-15,Charleston,4,Delta (Deering),1
2026-04-15,Perryville,9,DeSoto,6
2026-04-15,Bernie,2,Dexter,4
2026-04-15,Parkway West,0,Eureka,1
2026-04-15,Francis Howell North,4,Francis Howell Central,5
2026-04-15,Timberland,4,Ft. Zumwalt North,3
2026-04-15,Cooter,13,Gideon,0
2026-04-15,Higbee,3,Harrisburg,9
2026-04-15,Rock Bridge,6,Helias Catholic,1
2026-04-15,Warrenton,5,Holt,1
2026-04-15,Battle with Columbia Independent,3,Jefferson City,4
2026-04-15,Lutheran South,4,John Burroughs,1
2026-04-15,Saxony Lutheran,3,Kelly,1
2026-04-15,Hillcrest,2,Kickapoo,9
2026-04-15,Ritenour,1,Ladue Horton Watkins,11
2026-04-15,Maryville,7,Lafayette (St. Joseph),12
2026-04-15,Rockwood Summit,7,Lafayette (Wildwood),4
2026-04-15,Ft. Zumwalt West,8,Liberty (Wentzville),7
2026-04-15,Marquette,3,Lindbergh,8
2026-04-15,Penney,0,Marceline,7
2026-04-15,Park Hill South,15,Mid-Buchanan,3
2026-04-15,Bishop LeBlond,6,North Andrew,2
2026-04-15,Osborn with Stewartsville,0,North Platte,15
2026-04-15,Ft. Zumwalt South,4,North Point,10
2026-04-15,Valle Catholic,11,Notre Dame (Cape Girardeau),0
2026-04-15,Chaffee,11,Oak Ridge,1
2026-04-15,Mehlville,7,Pattonville,12
2026-04-15,Caruthersville with Hayti,2,Portageville,12
2026-04-15,Belton,3,Raymore-Peculiar,8
2026-04-15,Scott County Central,0,Risco,15
2026-04-15,Blue Springs South,3,Rockhurst,12
2026-04-15,Kennett,18,Sikeston,12
2026-04-15,Wright City,0,Silex,4
2026-04-15,Orchard Farm,3,St. Charles West,1
2026-04-15,St. Pius X (Festus),3,Valley Park,2
2026-04-15,Duchesne,4,Vianney,3
2026-04-15,Holt,1,Warrenton,5
2026-04-15,Ft. Zumwalt East,4,Washington,2
2026-04-15,Lutheran North,14,Westminster Christian Academy,5
2026-04-16,Midway,5,Adrian,9
2026-04-16,North Andrew,5,Albany,15
2026-04-16,East Newton,0,Aurora,10
2026-04-16,Mountain Grove,0,Ava,4
2026-04-16,Pembroke Hill,13,Barstow,3
2026-04-16,Harrisonville,24,Belton,2
2026-04-16,Bishop LeBlond,4,Benton,11
2026-04-16,Atlanta,15,Bevier,0
2026-04-16,Rockhurst,13,Blue Springs,6
2026-04-16,Raymore-Peculiar,2,Blue Springs South,5
2026-04-16,Carl Junction,8,Branson,1
2026-04-16,Warrensburg,6,Capital City,2
2026-04-16,Lexington,0,Carrollton,11
2026-04-16,Waynesville,2,Carthage,3
2026-04-16,Monett,2,Cassville,4
2026-04-16,Mexico,1,Centralia,3
2026-04-16,Rockwood Summit,5,Chaminade College Prep,6
2026-04-16,Cameron,0,Chillicothe,10
2026-04-16,Holden,13,Clinton,4
2026-04-16,Northwest (Hughesville),2,Cole Camp,9
2026-04-16,Buffalo,1,Crocker,11
2026-04-16,Appleton City,13,Drexel,0
2026-04-16,Van Buren,6,East Carter,7
2026-04-16,Eugene,5,Eldon,6
2026-04-16,Jackson,8,Eureka,4
2026-04-16,Platte County,0,Eureka,8
2026-04-16,Fort Osage,7,Excelsior Springs,8
2026-04-16,Kearney,5,Faith Christian Academy,3
2026-04-16,Hickman,4,Francis Howell,11
2026-04-16,Staley,3,Francis Howell,1
2026-04-16,Grain Valley,3,Ft. Zumwalt West,2
2026-04-16,Battle with Columbia Independent,5,Ft. Zumwalt West,13
2026-04-16,Kirksville,3,Fulton,4
2026-04-16,Brookfield,1,Gallatin,13
2026-04-16,Meadville with Linn County,6,Glasgow,7
2026-04-16,Smithton,4,Green Ridge with La Monte,16
2026-04-16,Belton,2,Harrisonville,24
2026-04-16,St. Vincent,5,Herculaneum,6
2026-04-16,Owensville,9,Hermann,8
2026-04-16,Blair Oaks,2,Hickman,4
2026-04-16,Christian Fellowship Sr.,6,Higbee,3
2026-04-16,Bolivar,6,Hillcrest,3
2026-04-16,Reeds Spring,0,Hollister,10
2026-04-16,Hannibal,16,Holt,17
2026-04-16,Nixa,14,Jackson,5
2026-04-16,Parkway South,5,Kirkwood,2
2026-04-16,Odessa,0,Knob Noster,2
2026-04-16,Ruskin,2,Lafayette (St. Joseph),17
2026-04-16,Nevada,20,Lamar,10
2026-04-16,Lathrop,16,Lawson,18
2026-04-16,Smithville,2,Lee's Summit,6
2026-04-16,Otterville,1,Lincoln,6
2026-04-16,Central (Kansas City),0,Lincoln College Prep,19
2026-04-16,West Plains,1,Logan-Rogersville,7
2026-04-16,Pierce City,0,Marionville,5
2026-04-16,Van-Far,1,Mark Twain,16
2026-04-16,Hazelwood Central,12,McCluer North,9
2026-04-16,Penney,1,Mid-Buchanan,14
2026-04-16,Palmyra,6,Monroe City,2
2026-04-16,Seneca,1,Mt. Vernon,2
2026-04-16,Ozark,8,Neosho,2
2026-04-16,Fordland,5,New Covenant Academy,7
2026-04-16,Rock Bridge,8,Nixa,11
2026-04-16,Elsberry,1,North Callaway,9
2026-04-16,William Chrisman,10,North Kansas City,5
2026-04-16,West Platte,11,North Platte,7
2026-04-16,University Academy Charter with Ewing Marion Kauffman,20,Northeast (Kansas City),3
2026-04-16,Seckman,17,Northwest (Cedar Hill),1
2026-04-16,Winnetonka,10,Oak Park,1
2026-04-16,Excelsior Springs,5,Oak Park,0
2026-04-16,Salisbury,11,Paris with Faith Walk,1
2026-04-16,Lebanon,15,Parkview,0
2026-04-16,MICDS,1,Parkway Central,6
2026-04-16,Affton,11,Parkway North,0
2026-04-16,Kirkwood,2,Parkway South,5
2026-04-16,King City with Union Star,10,Pattonsburg with Winston,0
2026-04-16,Barstow,1,Pembroke Hill,11
2026-04-16,Barstow,3,Pembroke Hill,13
2026-04-16,DeSoto,4,Perryville,2
2026-04-16,East Buchanan,2,Plattsburg,1
2026-04-16,Farmington,1,Potosi,0
2026-04-16,Polo,2,Putnam County,14
2026-04-16,Glendale,6,Republic,1
2026-04-16,Osborn with Stewartsville,1,Rock Port,15
2026-04-16,Knox County,0,Schuyler County,7
2026-04-16,Westran,3,Scotland County,7
2026-04-16,Montrose with Ballard,0,Sherwood,15
2026-04-16,Marion C. Early,6,Skyline,5
2026-04-16,Pilot Grove,1,Slater,0
2026-04-16,De Smet Jesuit,11,SLUH,2
2026-04-16,Willard,21,Smith-Cotton,6
2026-04-16,Grain Valley,0,Smith-Cotton,1
2026-04-16,West Nodaway with Nodaway-Holt,14,South Holt,4
2026-04-16,Clark County,14,South Shelby,2
2026-04-16,Pacific,11,St. Clair,2
2026-04-16,St. Dominic,7,St. Francis Borgia,3
2026-04-16,Van Horn,0,St. Michael the Archangel,10
2026-04-16,Crest Ridge,2,St. Paul Lutheran (Concordia),8
2026-04-16,Clayton,7,St. Pius X (Festus),8
2026-04-16,Princeton,16,Stanberry,6
2026-04-16,North County,13,Ste. Genevieve,2
2026-04-16,Diamond,4,Stockton,1
2026-04-16,Windsor,12,Stover,0
2026-04-16,Clever,2,Strafford,8
2026-04-16,Sullivan,2,Union,14
2026-04-16,Butler,6,Versailles,12
2026-04-16,Lafayette County,0,Warsaw,14
2026-04-16,Kickapoo,5,Webb City,3
2026-04-16,Webster Groves,6,Westminster Christian Academy,7
2026-04-16,Fort Osage,5,Winnetonka,1
2026-04-17,Perryville,5,Arcadia Valley,4
2026-04-17,Staley,8,Blair Oaks,7
2026-04-17,Exeter,3,Blue Eye,9
2026-04-17,Chillicothe,9,Boonville,15
2026-04-17,Summit Christian Academy,14,Boonville,4
2026-04-17,Hillsboro,5,Branson,2
2026-04-17,Weaubleau,9,Buffalo,7
2026-04-17,Lebanon,2,Carl Junction,9
2026-04-17,Dexter,7,Central (Cape Girardeau),14
2026-04-17,Maryville,0,Centralia,11
2026-04-17,Kingston,6,Clearwater,7
2026-04-17,Hartville,4,Conway,2
2026-04-17,Hermann,4,Cuba,6
2026-04-17,Hazelwood West,2,Farmington,10
2026-04-17,Sullivan,1,Farmington,11
2026-04-17,Eldon,0,Fatima,4
2026-04-17,Fox,0,Festus,7
2026-04-17,North County,2,Festus,5
2026-04-17,Sparta,3,Fordland,7
2026-04-17,East Carter,9,Fox,1
2026-04-17,Blair Oaks,7,Francis Howell,10
2026-04-17,Ft. Zumwalt South,0,Francis Howell Central,9
2026-04-17,Willard,4,Ft. Zumwalt West,2
2026-04-17,Battle with Columbia Independent,1,Grain Valley,14
2026-04-17,Moberly,0,Harrisonville,4
2026-04-17,Benton,1,Harrisonville,3
2026-04-17,Sullivan,14,Hazelwood West,3
2026-04-17,Mt. Vernon,2,Hillcrest,3
2026-04-17,Gainesville,7,Hollister,5
2026-04-17,Rock Bridge,2,Jackson,14
2026-04-17,Parkway Central,7,John Burroughs,1
2026-04-17,Clearwater,7,Kingston,6
2026-04-17,Sacred Heart,3,Marshall,5
2026-04-17,Republic,1,Marshfield,3
2026-04-17,Wheatland,7,Meadville with Linn County,6
2026-04-17,Bishop DuBourg,2,Metro,15
2026-04-17,Parkway North,2,MICDS,15
2026-04-17,Owensville,1,Moberly,4
2026-04-17,Ash Grove,0,Monett,1
2026-04-17,West Plains,14,Mountain Grove,4
2026-04-17,Doniphan,0,Neelyville,13
2026-04-17,East Carter,0,North County,7
2026-04-17,Woodland,0,Notre Dame (Cape Girardeau),10
2026-04-17,Marshall,16,Oak Grove,15
2026-04-17,Ladue Horton Watkins,6,Oakville,7
2026-04-17,Benton,10,Owensville,0
2026-04-17,Bolivar,19,Parkview,1
2026-04-17,Houston,12,Plato,0
2026-04-17,Nixa,13,Platte County,0
2026-04-17,Rock Bridge,7,Platte County,13
2026-04-17,Campbell,0,Portageville,5
2026-04-17,Jefferson (Festus),5,Principia with Whitfield,3
2026-04-17,Father Tolton,6,Republic,2
2026-04-17,Hancock,0,Ritenour,10
2026-04-17,California,2,Savannah,16
2026-04-17,Kelly,4,Scott City,5
2026-04-17,Caruthersville with Hayti,6,Senath-Hornersville,3
2026-04-17,Chadwick,1,Seymour,8
2026-04-17,St. Joseph Christian,0,South Holt,0
2026-04-17,Faith Christian Academy,1,Southern Boone,8
2026-04-17,Greenwood,0,Spokane,10
2026-04-17,Prairie Home with Bunceton,3,St. Elizabeth,18
2026-04-17,Vienna,5,St. James,4
2026-04-17,New Covenant Academy,3,Strafford,11
2026-04-17,Hurley,12,Summersville,8
2026-04-17,King City with Union Star,10,"Tarkio with Fairfax, Craig",0
2026-04-17,Harrisburg,1,Tipton,10
2026-04-17,Saxony Lutheran,3,Valle Catholic,4
2026-04-17,St. Francis Borgia,9,Valley Park,5
2026-04-17,Silex,8,Veritas Christian Academy,4
2026-04-17,Father Tolton,0,Vianney,7
2026-04-17,Rolla,8,Washington,2
2026-04-17,Lindbergh,15,Webster Groves,0
2026-04-17,Chaminade College Prep,5,Westminster Christian Academy,9
2026-04-17,Battle with Columbia Independent,5,Willard,8
2026-04-17,Orchard Farm,8,Wright City,1
2026-04-18,Clinton,9,Adrian,10
2026-04-18,Green City,0,Atlanta,17
2026-04-18,Mexico,18,Belton,3
2026-04-18,Faith Christian Academy,8,Benton,2
2026-04-18,Rock Bridge,7,Blair Oaks,4
2026-04-18,Fort Osage,4,Blue Springs,14
2026-04-18,Marshall,11,Boonville,4
2026-04-18,Meadville with Linn County,4,Braymer with Breckenridge,5
2026-04-18,Osceola,4,Braymer with Breckenridge,8
2026-04-18,Belton,5,Capital City,15
2026-04-18,Mexico,3,Capital City,9
2026-04-18,Lee's Summit West,6,Carthage,2
2026-04-18,Springfield Catholic,0,Carthage,6
2026-04-18,Wellington-Napoleon,6,Cassville,5
2026-04-18,St. Michael the Archangel,8,Cassville,7
2026-04-18,Park Hill South,8,Central (St. Joseph),2
2026-04-18,Cameron,0,Centralia,12
2026-04-18,Summit Christian Academy,8,Chillicothe,4
2026-04-18,Parkway South,3,Christian Brothers College,1
2026-04-18,Spokane,1,Crocker,11
2026-04-18,Centralia,16,East Buchanan,2
2026-04-18,Cameron,5,East Buchanan,6
2026-04-18,Platte County,3,Eureka,6
2026-04-18,Smith-Cotton,4,Eureka,3
2026-04-18,Battle with Columbia Independent,0,Eureka,16
2026-04-18,Festus,0,Farmington,5
2026-04-18,East Carter,10,Farmington,1
2026-04-18,Hazelwood West,3,Festus,24
2026-04-18,Gainesville,9,Forsyth,1
2026-04-18,Licking,10,Forsyth,1
2026-04-18,Hazelwood West,5,Fox,12
2026-04-18,North County,1,Fox,5
2026-04-18,Nixa,2,Francis Howell,12
2026-04-18,Staley,4,Francis Howell,3
2026-04-18,Smith-Cotton,7,Ft. Zumwalt West,4
2026-04-18,Osage,5,Fulton,15
2026-04-18,Licking,3,Gainesville,2
2026-04-18,Battle with Columbia Independent,1,Grain Valley,14
2026-04-18,Ft. Zumwalt East,15,Grandview,0
2026-04-18,St. Michael the Archangel,25,Grandview,3
2026-04-18,Northland Christian,2,Harrisonville,9
2026-04-18,Staley,9,Hickman,8
2026-04-18,Smith-Cotton,8,Hickman,4
2026-04-18,Fair Grove,11,Hillsboro,5
2026-04-18,Odessa,16,Holden,6
2026-04-18,Hickman,7,Jackson,6
2026-04-18,Liberty,3,Kickapoo,1
2026-04-18,Liberty,2,Kickapoo,3
2026-04-18,Atlanta,6,Kirksville,3
2026-04-18,Green City,0,Kirksville,15
2026-04-18,El Dorado Springs,0,Knob Noster,14
2026-04-18,St. Dominic,12,Ladue Horton Watkins,2
2026-04-18,Springfield Catholic,3,Lee's Summit West,2
2026-04-18,Hillsboro,1,Logan-Rogersville,13
2026-04-18,Fair Grove,0,Logan-Rogersville,2
2026-04-18,Duchesne,11,Lutheran South,3
2026-04-18,Duchesne,7,Lutheran South,4
2026-04-18,Truman,10,Maplewood-Richmond Hts.,0
2026-04-18,Pleasant Hill,15,Maplewood-Richmond Hts.,0
2026-04-18,Vianney,5,Marshfield,3
2026-04-18,Father Tolton,5,Marshfield,6
2026-04-18,Plattsburg,16,Meadville with Linn County,1
2026-04-18,California,0,Mid-Buchanan,19
2026-04-18,Northland Christian,3,Moberly,1
2026-04-18,Northwest (Hughesville),1,North Callaway,2
2026-04-18,Barstow,4,North Callaway,6
2026-04-18,Sullivan,5,North County,9
2026-04-18,Barstow,9,Northwest (Hughesville),8
2026-04-18,Sacred Heart,0,Oak Grove,16
2026-04-18,Plattsburg,17,Osceola,0
2026-04-18,Faith Christian Academy,5,Owensville,1
2026-04-18,South Callaway,6,Palmyra,7
2026-04-18,Silex,12,Palmyra,10
2026-04-18,Liberty North,0,Park Hill,3
2026-04-18,Wellington-Napoleon,1,Pleasant Hill,14
2026-04-18,Vianney,11,Republic,3
2026-04-18,Blair Oaks,4,Rock Bridge,7
2026-04-18,Crocker,0,Sarcoxie,1
2026-04-18,Spokane,3,Sarcoxie,6
2026-04-18,Southern Boone,14,Savannah,0
2026-04-18,Silex,11,South Callaway,5
2026-04-18,Wheatland,4,South Holt,3
2026-04-18,St. Joseph Christian,6,South Holt,12
2026-04-18,Maryville,3,Southern Boone,12
2026-04-18,Savannah,0,Southern Boone,14
2026-04-18,South Holt,12,St. Joseph Christian,6
2026-04-18,East Carter,1,Sullivan,3
2026-04-18,Ft. Zumwalt East,8,Truman,1
2026-04-18,MICDS,12,Veritas Christian Academy,6
2026-04-18,SLUH,15,Webster Groves,0
2026-04-18,St. Joseph Christian,4,Wheatland,5
2026-04-18,Staley,9,Willard,2
2026-04-20,Pattonsburg with Winston,3,Albany,13
2026-04-20,Crest Ridge,0,Archie,6
2026-04-20,Dadeville,5,Ash Grove,8
2026-04-20,Lebanon,3,Aurora,1
2026-04-20,Willow Springs,0,Ava,15
2026-04-20,Metro,6,Bayless,13
2026-04-20,Puxico,3,Bell City,5
2026-04-20,Raytown,11,Belton,5
2026-04-20,Staley,7,Blue Springs,5
2026-04-20,Bismarck,10,Bourbon,1
2026-04-20,Macon,9,Bowling Green,1
2026-04-20,Glendale,10,Branson,4
2026-04-20,Marion County,1,Brashear with Novinger,11
2026-04-20,Parkway North,2,Brentwood,0
2026-04-20,Iberia,3,Buffalo,1
2026-04-20,Dixon,11,California,5
2026-04-20,Braymer with Breckenridge,2,Cameron,11
2026-04-20,Greenville,19,Campbell,0
2026-04-20,Oak Park,6,Central (St. Joseph),2
2026-04-20,Sturgeon,2,Centralia,16
2026-04-20,Charleston,0,Chaffee,15
2026-04-20,Smithville,17,Chillicothe,0
2026-04-20,Cooter,15,Clarkton,3
2026-04-20,Exeter,0,Clever,10
2026-04-20,Lexington,0,Clinton,10
2026-04-20,Canton,8,Clopton,9
2026-04-20,Leeton,3,Concordia,13
2026-04-20,Hurley,0,Crane,1
2026-04-20,Plato,8,Crocker,18
2026-04-20,Belle,6,Cuba,5
2026-04-20,Valle Catholic,8,DeSoto,2
2026-04-20,Advance,0,Dexter,3
2026-04-20,Sherwood,6,Diamond,5
2026-04-20,Troy Buchanan,1,Duchesne,3
2026-04-20,Warrensburg,9,Excelsior Springs,6
2026-04-20,New Covenant Academy,1,Fair Grove,10
2026-04-20,Fatima,4,Father Tolton,17
2026-04-20,Stover,1,Fayette,13
2026-04-20,Ste. Genevieve,2,Festus,14
2026-04-20,Bakersfield,3,Fordland,4
2026-04-20,Platte County,15,Fort Osage,6
2026-04-20,Marionville,3,Galena,13
2026-04-20,Milan,0,Gallatin,15
2026-04-20,Tipton,18,Glasgow,2
2026-04-20,Bevier,19,Green City,11
2026-04-20,Windsor,14,Green Ridge with La Monte,13
2026-04-20,Valley Park,13,Hancock,0
2026-04-20,Gainesville,8,Hartville,1
2026-04-20,Jennings,2,Hazelwood East,17
2026-04-20,Priory,14,Hazelwood West,5
2026-04-20,Louisiana,10,Highland,11
2026-04-20,De Smet Jesuit,6,Hillsboro,3
2026-04-20,Richmond,4,Holden,10
2026-04-20,Francis Howell Central,13,Holt,1
2026-04-20,Herculaneum,1,Jefferson (Festus),4
2026-04-20,Nixa,3,Joplin,4
2026-04-20,St. Joseph Christian,3,King City with Union Star,4
2026-04-20,St. Paul Lutheran (Concordia),17,Kingsville,2
2026-04-20,Odessa,6,Knob Noster,7
2026-04-20,North Shelby,17,Knox County,1
2026-04-20,Montrose with Ballard,0,Lakeland,10
2026-04-20,Vienna,19,Laquey,1
2026-04-20,Blue Springs South,4,Lee's Summit,5
2026-04-20,Raymore-Peculiar,14,Lee's Summit North,4
2026-04-20,Bloomfield,1,Leopold,6
2026-04-20,El Dorado Springs,24,Liberal,3
2026-04-20,Lee's Summit West,5,Liberty North,8
2026-04-20,Houston,4,Licking,8
2026-04-20,Adrian,16,Lincoln,11
2026-04-20,Benton,12,Lincoln College Prep,7
2026-04-20,Oakville,3,Lindbergh,0
2026-04-20,Oak Grove,5,Lone Jack,7
2026-04-20,Stoutland,4,Macks Creek,3
2026-04-20,Northeast (Cairo),6,Madison,3
2026-04-20,Doniphan,11,Malden,1
2026-04-20,Conway,12,Marion C. Early,3
2026-04-20,Kearney,6,Maryville,0
2026-04-20,Carl Junction,8,McDonald County,4
2026-04-20,Appleton City,10,Midway,9
2026-04-20,Cabool,2,Mountain Grove,9
2026-04-20,Hillcrest,3,Neosho,13
2026-04-20,Linn,18,New Haven,0
2026-04-20,Lockwood,2,New Heights Christian,6
2026-04-20,Blue Eye,20,Niangua,0
2026-04-20,Stanberry,0,North Andrew,15
2026-04-20,Mark Twain,2,North Callaway,17
2026-04-20,University Academy Charter with Ewing Marion Kauffman,5,North Platte,20
2026-04-20,South Holt,8,Northeast Nodaway with Worth County,13
2026-04-20,Windsor (Imperial),5,Northwest (Cedar Hill),12
2026-04-20,Seymour,1,Norwood,2
2026-04-20,Central (New Madrid County),1,Oak Ridge,11
2026-04-20,Eldon,2,Osage,4
2026-04-20,South Nodaway with Jefferson (Conception),9,Osborn with Stewartsville,3
2026-04-20,Climax Springs,7,Osceola,6
2026-04-20,Hermann,0,Pacific,15
2026-04-20,Hallsville,8,Palmyra,9
2026-04-20,Scotland County,2,Paris with Faith Walk,6
2026-04-20,Savannah,2,Park Hill,7
2026-04-20,Mt. Vernon,20,Parkview,0
2026-04-20,Lafayette (Wildwood),6,Parkway South,4
2026-04-20,Winnetonka,3,Pembroke Hill,2
2026-04-20,Lathrop,16,Penney,4
2026-04-20,Smithton,0,Pilot Grove,15
2026-04-20,St. Michael the Archangel,11,Pleasant Hill,3
2026-04-20,Greenwood,2,Pleasant Hope,12
2026-04-20,Marceline,14,Polo,1
2026-04-20,North Kansas City,1,Raytown South,11
2026-04-20,Logan-Rogersville,12,Reeds Spring,0
2026-04-20,Eugene,11,Richland,8
2026-04-20,North Nodaway,2,Rock Port,19
2026-04-20,Grain Valley,17,Ruskin,0
2026-04-20,Thayer,1,Salem,6
2026-04-20,Schuyler County,0,Salisbury,1
2026-04-20,Carrollton,20,Santa Fe with Norborne,2
2026-04-20,Monett,10,Sarcoxie,3
2026-04-20,Cole Camp,2,Skyline,12
2026-04-20,Prairie Home with Bunceton,2,Slater,8
2026-04-20,Westminster Christian Academy,0,SLUH,3
2026-04-20,Portageville,10,South Pemiscot,7
2026-04-20,Monroe City,15,South Shelby,5
2026-04-20,Russellville,1,Southern Boone,10
2026-04-20,Wheaton,6,Southwest (Washburn),3
2026-04-20,Billings,3,Spokane,10
2026-04-20,West Plains,0,Springfield Catholic,15
2026-04-20,Owensville,6,St. Clair,7
2026-04-20,Parkway West,0,St. Dominic,5
2026-04-20,Scott City,8,St. Pius X (Festus),2
2026-04-20,Perryville,4,St. Vincent,3
2026-04-20,St. James,0,Sullivan,15
2026-04-20,Alton,21,Summersville,7
2026-04-20,Wellington-Napoleon,15,Sweet Springs,0
2026-04-20,Maysville,11,Trenton,8
2026-04-20,William Chrisman,1,Truman,11
2026-04-20,East Carter,11,Twin Rivers,4
2026-04-20,STEAM Academy,0,University City,16
2026-04-20,Crystal City,2,Valley,6
2026-04-20,Clearwater,0,Van Buren,15
2026-04-20,Miller,18,Verona,0
2026-04-20,Weaubleau,1,Walnut Grove,17
2026-04-20,Chaminade College Prep,1,Webster Groves,4
2026-04-20,Elsberry,5,Wellsville-Middletown,0
2026-04-20,DeKalb,0,West Nodaway with Nodaway-Holt,10
2026-04-20,Bishop LeBlond,1,West Platte,8
2026-04-20,Humansville with Fair Play,1,Wheatland,16
2026-04-21,Bloomfield,5,Advance,11
2026-04-21,Liberty (Mountain View),1,Alton,5
2026-04-21,Dadeville,0,Appleton City,1
2026-04-21,West County,12,Arcadia Valley,3
2026-04-21,Stockton,2,Ash Grove,3
2026-04-21,Schuyler County,7,Atlanta,1
2026-04-21,McDonald County,0,Aurora,9
2026-04-21,Hickman,9,Battle with Columbia Independent,5
2026-04-21,McCluer North,2,Bayless,17
2026-04-21,Smithville,6,Benton,8
2026-04-21,South Pemiscot,1,Bernie,11
2026-04-21,Halfway,15,Billings,9
2026-04-21,Mid-Buchanan,13,Bishop LeBlond,2
2026-04-21,Kingston,3,Bismarck,6
2026-04-21,California,1,Blair Oaks,18
2026-04-21,Purdy,6,Blue Eye,5
2026-04-21,Blue Springs,3,Blue Springs South,13
2026-04-21,Marshfield,3,Bolivar,6
2026-04-21,Silex,4,Bowling Green,7
2026-04-21,Gilman City with North Daviess,3,Brookfield,13
2026-04-21,Helias Catholic,12,Camdenton,4
2026-04-21,East Prairie,5,Campbell,6
2026-04-21,Logan-Rogersville,5,Carl Junction,1
2026-04-21,Holden,2,Carrollton,3
2026-04-21,Parkview,1,Carthage,16
2026-04-21,Sikeston,1,Central (Cape Girardeau),0
2026-04-21,Ste. Genevieve,3,Central (Park Hills),0
2026-04-21,De Smet Jesuit,6,Chaminade College Prep,2
2026-04-21,Leopold,9,Charleston,7
2026-04-21,Lincoln College Prep,11,Chillicothe,10
2026-04-21,Sweet Springs,14,Crest Ridge,2
2026-04-21,Puxico,11,Delta,4
2026-04-21,Sikeston,2,Dexter,0
2026-04-21,Bourbon,4,Dixon,14
2026-04-21,Thayer,14,Doniphan,13
2026-04-21,King City with Union Star,5,East Buchanan,6
2026-04-21,Ellington,0,East Carter,15
2026-04-21,Cassville,4,East Newton,7
2026-04-21,Warsaw,0,El Dorado Springs,2
2026-04-21,Boonville,11,Eldon,0
2026-04-21,Louisiana,0,Elsberry,9
2026-04-21,Tipton,2,Eugene,12
2026-04-21,Strafford,5,Fair Grove,15
2026-04-21,Fredericktown,0,Farmington,17
2026-04-21,Francis Howell North,1,Francis Howell,4
2026-04-21,Timberland,3,Ft. Zumwalt East,2
2026-04-21,Ft. Zumwalt South,7,Ft. Zumwalt North,4
2026-04-21,Troy Buchanan,0,Ft. Zumwalt West,10
2026-04-21,Owensville,4,Fulton,8
2026-04-21,Conway,1,Gainesville,10
2026-04-21,Higbee,1,Glasgow,16
2026-04-21,Willard,8,Glendale,3
2026-04-21,Poplar Bluff,11,Greenville,2
2026-04-21,Galena,5,Greenwood,15
2026-04-21,Christian Fellowship Sr.,3,Hallsville,13
2026-04-21,Mexico,11,Hannibal,9
2026-04-21,Pleasant Hill,3,Harrisonville,13
2026-04-21,Jefferson (Festus),0,Herculaneum,9
2026-04-21,Palmyra,20,Highland,3
2026-04-21,Branson,9,Hillcrest,0
2026-04-21,Buffalo,0,Hollister,15
2026-04-21,Walnut Grove,16,Humansville with Fair Play,0
2026-04-21,Smith-Cotton,14,Jefferson City,16
2026-04-21,Drexel,1,Kingsville,16
2026-04-21,Marshall,9,Kirksville,3
2026-04-21,Parkway Central,3,Kirkwood,1
2026-04-21,Richmond,6,Knob Noster,13
2026-04-21,St. Michael the Archangel,11,Lafayette (St. Joseph),5
2026-04-21,Lexington,7,Lafayette County,5
2026-04-21,Jasper,11,Lakeland,8
2026-04-21,South Nodaway with Jefferson (Conception),3,Lathrop,13
2026-04-21,Central (Springfield),2,Lebanon,17
2026-04-21,Archie,14,Liberal,1
2026-04-21,Francis Howell Central,17,Liberty (Wentzville),6
2026-04-21,Laquey,3,Licking,18
2026-04-21,Lafayette (Wildwood),2,Lindbergh,3
2026-04-21,Harrisburg,1,Linn,11
2026-04-21,Marionville,4,Lockwood,12
2026-04-21,Santa Fe with Norborne,3,Lone Jack,10
2026-04-21,John Burroughs,15,Lutheran North,10
2026-04-21,Veritas Christian Academy,4,Lutheran South,5
2026-04-21,Monroe City,6,Macon,21
2026-04-21,"Northwestern (Mendon) with Brunswick, Keytesville",17,Madison,1
2026-04-21,Savannah,12,Maryville,3
2026-04-21,Affton,4,Mehlville,8
2026-04-21,Bishop LeBlond,2,Mid-Buchanan,13
2026-04-21,Centralia,2,Moberly,1
2026-04-21,West Plains,7,Mt. Vernon,6
2026-04-21,Clearwater,4,Neelyville,17
2026-04-21,Joplin,1,Neosho,3
2026-04-21,Monett,1,Nevada,4
2026-04-21,Community,2,New Franklin,1
2026-04-21,Marion C. Early,8,New Heights Christian,5
2026-04-21,Bucklin with Macon County,1,"Newtown-Harris with Grundy County, Tri-County",11
2026-04-21,Waynesville,0,Nixa,9
2026-04-21,West Nodaway with Nodaway-Holt,10,North Andrew,5
2026-04-21,Potosi,2,North County,3
2026-04-21,Pilot Grove,11,Northeast (Cairo),1
2026-04-21,Clinton,1,Oak Grove,7
2026-04-21,Fort Osage,14,Oak Park,2
2026-04-21,Southern Boone,13,Osage,0
2026-04-21,Kickapoo,1,Ozark,3
2026-04-21,DeSoto,11,Pacific,22
2026-04-21,Kearney,10,Park Hill,4
2026-04-21,Ladue Horton Watkins,9,Parkway North,4
2026-04-21,Hazelwood West,0,Parkway South,12
2026-04-21,Marquette,16,Parkway West,0
2026-04-21,Fox,3,Pattonville,5
2026-04-21,Miller,9,Pierce City,8
2026-04-21,Pattonsburg with Winston,0,Plattsburg,15
2026-04-21,Crane,4,Pleasant Hope,7
2026-04-21,Bell City,9,Portageville,14
2026-04-21,North Harrison,3,Princeton,1
2026-04-21,MICDS,13,Principia with Whitfield,0
2026-04-21,Westminster Christian Academy,12,Priory,0
2026-04-21,Westran,4,Putnam County,2
2026-04-21,Forsyth,3,Reeds Spring,2
2026-04-21,Iberia,11,Richland,0
2026-04-21,Clayton,11,Ritenour,0
2026-04-21,Capital City,0,Rock Bridge,18
2026-04-21,Eureka,5,Rockwood Summit,3
2026-04-21,Fayette,0,Russellville,10
2026-04-21,Green Ridge with La Monte,2,Sacred Heart,12
2026-04-21,St. Clair,11,Salem,1
2026-04-21,Oran,4,Saxony Lutheran,10
2026-04-21,St. Vincent,0,Scott City,10
2026-04-21,Oakville,4,Seckman,5
2026-04-21,Malden,2,Senath-Hornersville,12
2026-04-21,Lamar,3,Seneca,4
2026-04-21,Mountain Grove,12,Seymour,5
2026-04-21,Adrian,11,Sherwood,3
2026-04-21,Dexter,0,Sikeston,2
2026-04-21,Sarcoxie,3,Skyline,12
2026-04-21,Vianney,1,SLUH,2
2026-04-21,Otterville,12,Smithton,2
2026-04-21,New Bloomfield,2,South Callaway,5
2026-04-21,Norwood,10,Sparta,5
2026-04-21,Clever,0,Springfield Catholic,12
2026-04-21,Orchard Farm,7,St. Charles,1
2026-04-21,Holt,0,St. Charles West,5
2026-04-21,Calvary Lutheran,2,St. Elizabeth,4
2026-04-21,Lutheran St. Charles,5,St. Francis Borgia,6
2026-04-21,Belle,13,St. James,3
2026-04-21,Maysville,19,St. Joseph Christian,5
2026-04-21,Concordia,1,St. Paul Lutheran (Concordia),11
2026-04-21,Notre Dame (Cape Girardeau),11,St. Pius X (Festus),6
2026-04-21,Northland Christian,1,St. Pius X (Kansas City),8
2026-04-21,Osborn with Stewartsville,18,Stanberry,1
2026-04-21,Crocker,25,Steelville,6
2026-04-21,Lincoln,22,Stover,5
2026-04-21,Slater,4,Sturgeon,16
2026-04-21,Cuba,1,Sullivan,9
2026-04-21,Bunker with Lesterville,0,Summersville,14
2026-04-21,Ft. Zumwalt East,2,Timberland,3
2026-04-21,Naylor,17,Twin Rivers,6
2026-04-21,Valley,6,Valle Catholic,11
2026-04-21,Hancock,0,Valley Park,15
2026-04-21,Winona,11,Van Buren,19
2026-04-21,Summit Christian Academy,17,Van Horn,1
2026-04-21,Montgomery County,20,Van-Far,0
2026-04-21,Hurley,16,Verona,6
2026-04-21,Stoutland,1,Vienna,11
2026-04-21,Center,3,Warrensburg,12
2026-04-21,Winfield,3,Warrenton,6
2026-04-21,North Point,9,Washington,2
2026-04-21,Republic,2,Webb City,6
2026-04-21,Northwest (Cedar Hill),11,Webster Groves,0
2026-04-21,Weaubleau,3,Wheatland,9
2026-04-21,Greenfield with Golden City,2,Wheaton,13
2026-04-21,Cole Camp,3,Windsor,0
2026-04-21,Kelly,6,Woodland,2
2026-04-21,Mark Twain,1,Wright City,15
2026-04-22,Butler,6,Adrian,10
2026-04-22,Mehlville,17,Affton,3
2026-04-22,Alton,12,Bakersfield,2
2026-04-22,Union,7,Blair Oaks,3
2026-04-22,Hurley,6,Blue Eye,15
2026-04-22,Maysville,13,Brookfield,2
2026-04-22,Lexington,4,Cameron,5
2026-04-22,Delta (Deering),3,Campbell,15
2026-04-22,Rock Bridge,7,Capital City,1
2026-04-22,Bernie,0,Chaffee,4
2026-04-22,Scott County Central,4,Clarkton,14
2026-04-22,Ritenour,5,Clayton,12
2026-04-22,Marshall,15,Concordia,1
2026-04-22,Bayless,13,Crystal City,0
2026-04-22,Chaminade College Prep,8,De Smet Jesuit,2
2026-04-22,Hermann,0,Elsberry,4
2026-04-22,Rockwood Summit,4,Eureka,1
2026-04-22,Seckman,3,Festus,2
2026-04-22,Hollister,5,Fordland,2
2026-04-22,Bolivar,11,Forsyth,7
2026-04-22,Ruskin,1,Fort Osage,16
2026-04-22,Pattonville,13,Fox,2
2026-04-22,Francis Howell North,3,Francis Howell,5
2026-04-22,Liberty (Wentzville),4,Francis Howell Central,2
2026-04-22,Ft. Zumwalt North,16,Ft. Zumwalt South,1
2026-04-22,Troy Buchanan,3,Ft. Zumwalt West,13
2026-04-22,Maplewood-Richmond Hts.,19,Gateway Science Charter,2
2026-04-22,Belton,3,Grain Valley,9
2026-04-22,Wheatland,14,Greenfield with Golden City,2
2026-04-22,Lone Jack,6,Harrisonville,7
2026-04-22,Camdenton,2,Helias Catholic,6
2026-04-22,Battle with Columbia Independent,4,Hickman,5
2026-04-22,Rolla,7,Hillcrest,1
2026-04-22,St. Charles West,14,Holt,3
2026-04-22,Macks Creek,10,Humansville with Fair Play,7
2026-04-22,West County,3,Jefferson (Festus),8
2026-04-22,University City,18,Jennings,8
2026-04-22,Lutheran North,1,John Burroughs,9
2026-04-22,Dexter,2,Kelly,1
2026-04-22,Notre Dame (Cape Girardeau),13,Kennett,5
2026-04-22,Scotland County,10,Knox County,2
2026-04-22,Parkway North,0,Ladue Horton Watkins,10
2026-04-22,Lindbergh,5,Lafayette (Wildwood),7
2026-04-22,Oak Grove,14,Lafayette County,4
2026-04-22,Braymer with Breckenridge,3,Lawson,9
2026-04-22,Lee's Summit,4,Lee's Summit North,7
2026-04-22,Midway,3,Liberal,4
2026-04-22,Spokane,3,Mansfield,8
2026-04-22,Parkway West,3,Marquette,13
2026-04-22,Kingsville,10,Miami (Amoret),0
2026-04-22,Principia with Whitfield,1,MICDS,11
2026-04-22,Odessa,5,Mid-Buchanan,8
2026-04-22,South Shelby,1,Missouri Military Academy,3
2026-04-22,North Callaway,5,Montgomery County,4
2026-04-22,Leeton,1,Montrose with Ballard,3
2026-04-22,Drexel,0,Nevada,15
2026-04-22,Green City,0,"Newtown-Harris with Grundy County, Tri-County",7
2026-04-22,South Holt,16,North Nodaway,0
2026-04-22,"Tarkio with Fairfax, Craig",1,Northeast Nodaway with Worth County,8
2026-04-22,Excelsior Springs,4,Oak Park,0
2026-04-22,Saxony Lutheran,13,Oak Ridge,1
2026-04-22,Webster Groves,1,Oakville,11
2026-04-22,St. Charles,0,Orchard Farm,11
2026-04-22,Windsor,11,Osceola,2
2026-04-22,New Franklin,2,Paris with Faith Walk,8
2026-04-22,North Kansas City,7,Park Hill,17
2026-04-22,Liberty,8,Park Hill South,1
2026-04-22,Windsor (Imperial),1,Perryville,3
2026-04-22,Truman,3,Platte County,2
2026-04-22,Lee's Summit West,5,Raymore-Peculiar,15
2026-04-22,Center,4,Raytown South,2
2026-04-22,Northwest (Hughesville),15,Santa Fe with Norborne,16
2026-04-22,Caruthersville with Hayti,3,Scott City,18
2026-04-22,Jefferson City,10,Smith-Cotton,8
2026-04-22,Wright City,15,South Callaway,3
2026-04-22,Ellington,3,South Iron,5
2026-04-22,East (Kansas City),19,Southeast,6
2026-04-22,Father Tolton,12,St. Michael the Archangel,5
2026-04-22,Liberty North,2,Staley,8
2026-04-22,Hazelwood Central,15,STEAM Academy,1
2026-04-22,Viburnum,3,Steelville,15
2026-04-22,Van Horn,1,Summit Christian Academy,12
2026-04-22,Ft. Zumwalt East,10,Timberland,8
2026-04-22,Polo,8,"Tina-Avalon with Hale, Bosworth",0
2026-04-22,Meadville with Linn County,5,Trenton,7
2026-04-22,North Point,7,Washington,6
2026-04-22,Priory,4,Westminster Christian Academy,9
2026-04-22,Raytown,6,William Chrisman,4
2026-04-22,Warrenton,14,Winfield,3
2026-04-22,Grandview,0,Winnetonka,14
2026-04-23,La Plata,5,Atlanta,15
2026-04-23,Thayer,3,Ava,13
2026-04-23,Christian Fellowship Sr.,6,Battle with Columbia Independent,5
2026-04-23,Valley Park,1,Bayless,2
2026-04-23,Crocker,5,Belle,4
2026-04-23,Kearney,0,Benton,10
2026-04-23,Hickman,4,Boonville,2
2026-04-23,Van-Far,0,Bowling Green,15
2026-04-23,Hillcrest,1,Branson,13
2026-04-23,St. Pius X (Festus),10,Brentwood,5
2026-04-23,Forsyth,5,Buffalo,3
2026-04-23,East Carter,19,Bunker with Lesterville,0
2026-04-23,Houston,15,Cabool,3
2026-04-23,South Callaway,19,Calvary Lutheran,1
2026-04-23,Osborn with Stewartsville,3,Cameron,4
2026-04-23,Moberly,16,Canton,1
2026-04-23,Webb City,8,Carthage,2
2026-04-23,Holcomb,11,Caruthersville with Hayti,6
2026-04-23,Aurora,13,Cassville,2
2026-04-23,Notre Dame (Cape Girardeau),2,Central (Cape Girardeau),4
2026-04-23,Raytown South,8,Central (Kansas City),2
2026-04-23,Glendale,15,Central (Springfield),0
2026-04-23,Maryville,2,Chillicothe,12
2026-04-23,Viburnum,1,Clearwater,11
2026-04-23,Laquey,1,Climax Springs,10
2026-04-23,Otterville,3,Cole Camp,13
2026-04-23,Walnut Grove,4,Conway,5
2026-04-23,Leopold,3,Delta,1
2026-04-23,Richland,0,Dixon,10
2026-04-23,Nevada,12,East Newton,1
2026-04-23,Woodland,1,East Prairie,6
2026-04-23,Belton,1,Excelsior Springs,7
2026-04-23,Fordland,9,Exeter,4
2026-04-23,Blair Oaks,7,Father Tolton,12
2026-04-23,Hannibal,7,Fulton,1
2026-04-23,Seymour,4,Galena,5
2026-04-23,Meadville with Linn County,16,Green City,1
2026-04-23,Northwest (Hughesville),9,Green Ridge with La Monte,6
2026-04-23,Ruskin,0,Harrisonville,10
2026-04-23,Northwest (Cedar Hill),21,Hazelwood West,0
2026-04-23,Grandview (Hillsboro),0,Herculaneum,15
2026-04-23,Prairie Home with Bunceton,3,Higbee,1
2026-04-23,Macon,23,Highland,2
2026-04-23,Festus,2,Hillsboro,3
2026-04-23,Knob Noster,5,Holden,2
2026-04-23,Skyline,1,Iberia,7
2026-04-23,Poplar Bluff,5,Jackson,8
2026-04-23,Vienna,10,Jamestown,12
2026-04-23,Purdy,7,Jasper,1
2026-04-23,Wheaton,9,Jasper,1
2026-04-23,Springfield Catholic,10,Joplin,2
2026-04-23,Charleston,1,Kelly,11
2026-04-23,Nixa,6,Kickapoo,5
2026-04-23,Carrollton,5,Lafayette County,0
2026-04-23,East Buchanan,3,Lawson,5
2026-04-23,Ozark,12,Lebanon,4
2026-04-23,Richmond,15,Lexington,7
2026-04-23,Salem,9,Liberty (Mountain View),10
2026-04-23,Windsor,6,Lincoln,8
2026-04-23,Savannah,12,Lincoln College Prep,2
2026-04-23,Carl Junction,0,Logan-Rogersville,3
2026-04-23,South Shelby,8,Louisiana,7
2026-04-23,St. Dominic,9,Lutheran St. Charles,1
2026-04-23,Portageville,20,Malden,4
2026-04-23,Cardinal Ritter,0,Maplewood-Richmond Hts.,17
2026-04-23,Trenton,2,Marceline,12
2026-04-23,Dadeville,7,Marion C. Early,3
2026-04-23,North Shelby,18,Marion County,0
2026-04-23,Ash Grove,1,Marionville,2
2026-04-23,Wellsville-Middletown,0,Mark Twain,15
2026-04-23,Bolivar,1,Marshfield,11
2026-04-23,Mt. Vernon,4,McDonald County,5
2026-04-23,Kirksville,1,Mexico,5
2026-04-23,Brookfield,7,Milan,3
2026-04-23,Diamond,4,Miller,11
2026-04-23,Seneca,4,Monett,1
2026-04-23,St. James,3,New Haven,4
2026-04-23,Linn,8,North Callaway,4
2026-04-23,Central (Park Hills),0,North County,7
2026-04-23,Monroe City,1,Northeast (Cairo),11
2026-04-23,Bevier,2,"Northwestern (Mendon) with Brunswick, Keytesville",12
2026-04-23,Mansfield,9,Norwood,5
2026-04-23,Advance,13,Oran,5
2026-04-23,California,4,Osage,8
2026-04-23,Union,11,Pacific,4
2026-04-23,Smithville,2,Park Hill,3
2026-04-23,Willard,11,Parkview,1
2026-04-23,Parkway South,13,Parkway Central,4
2026-04-23,"Newtown-Harris with Grundy County, Tri-County",3,Pattonsburg with Winston,4
2026-04-23,North Platte,10,Penney,3
2026-04-23,Eugene,7,Pilot Grove,2
2026-04-23,Fredericktown,0,Potosi,15
2026-04-23,King City with Union Star,5,Princeton,0
2026-04-23,Gallatin,4,Putnam County,14
2026-04-23,Neosho,7,Republic,5
2026-04-23,Waynesville,0,Rolla,15
2026-04-23,Smithton,0,Sacred Heart,15
2026-04-23,Stockton,18,Sarcoxie,4
2026-04-23,Bell City,0,Saxony Lutheran,15
2026-04-23,Paris with Faith Walk,2,Schuyler County,4
2026-04-23,Kirkwood,5,Seckman,10
2026-04-23,Campbell,2,Senath-Hornersville,1
2026-04-23,New Bloomfield,5,Silex,10
2026-04-23,Clarkton,0,South Pemiscot,10
2026-04-23,Billings,4,Sparta,5
2026-04-23,Ft. Zumwalt East,7,St. Charles,8
2026-04-23,Winfield,8,St. Charles,7
2026-04-23,Sullivan,7,St. Clair,8
2026-04-23,Russellville,4,St. Elizabeth,2
2026-04-23,Duchesne,10,St. Francis Borgia,4
2026-04-23,St. Pius X (Kansas City),9,St. Michael the Archangel,4
2026-04-23,Meadow Heights,3,St. Vincent,4
2026-04-23,Albany,17,Stanberry,4
2026-04-23,Farmington,9,Ste. Genevieve,0
2026-04-23,Licking,16,Stoutland,0
2026-04-23,Gainesville,8,Strafford,4
2026-04-23,Salisbury,9,Sturgeon,4
2026-04-23,Plato,18,Summersville,6
2026-04-23,Versailles,0,Tipton,6
2026-04-23,Arcadia Valley,3,Valle Catholic,13
2026-04-23,Kingston,8,Valley,14
2026-04-23,Puxico,5,Van Buren,7
2026-04-23,Niangua,2,Verona,12
2026-04-23,SLUH,1,Vianney,3
2026-04-23,Clinton,4,Warrensburg,9
2026-04-23,Veritas Christian Academy,4,Warrenton,14
2026-04-23,Wheatland,8,Warsaw,11
2026-04-23,Crest Ridge,0,Wellington-Napoleon,16
2026-04-23,Bismarck,0,West County,15
2026-04-23,Plattsburg,2,West Platte,3
2026-04-23,Knox County,1,Westran,11
2026-04-23,Mountain Grove,2,Willow Springs,3
2026-04-23,Perryville,5,Windsor (Imperial),9
2026-04-23,Ellington,6,Winona,3
2026-04-23,Hallsville,3,Wright City,4
2026-04-24,Van Buren,7,Alton,6
2026-04-24,Hartville,1,Bakersfield,0
2026-04-24,Willow Springs,0,Bakersfield,6
2026-04-24,North Kansas City,0,Belton,2
2026-04-24,Centralia,3,Boonville,0
2026-04-24,Knob Noster,3,Boonville,11
2026-04-24,Harrisonville,18,Butler,0
2026-04-24,Van Horn,4,Center,12
2026-04-24,Capital City,15,Central (Springfield),0
2026-04-24,Kirksville,6,Centralia,10
2026-04-24,St. Pius X (Festus),0,Clayton,6
2026-04-24,Nevada,7,Clinton,3
2026-04-24,Valle Catholic,3,De Smet Jesuit,4
2026-04-24,Stanberry,2,DeKalb,8
2026-04-24,Sikeston,3,DeSoto,1
2026-04-24,Poplar Bluff,8,Dexter,1
2026-04-24,East Newton,7,El Dorado Springs,6
2026-04-24,New Heights Christian,0,Exeter,1
2026-04-24,Camdenton,2,Fatima,7
2026-04-24,Hillsboro,2,Festus,9
2026-04-24,Spokane,0,Forsyth,2
2026-04-24,St. Charles West,0,Francis Howell Central,4
2026-04-24,Seckman,9,Ft. Zumwalt North,3
2026-04-24,St. Dominic,11,Ft. Zumwalt South,2
2026-04-24,Eldon,5,Fulton,4
2026-04-24,Trenton,6,Gilman City with North Daviess,13
2026-04-24,Sturgeon,5,Glasgow,0
2026-04-24,Lutheran North,5,Grandview,4
2026-04-24,Missouri Military Academy,9,Harrisburg,6
2026-04-24,Brashear with Novinger,14,Higbee,2
2026-04-24,St. James,0,Iberia,10
2026-04-24,Seckman,10,Jefferson City,2
2026-04-24,Platte County,0,Kearney,1
2026-04-24,Notre Dame (Cape Girardeau),3,Kelly,5
2026-04-24,Knob Noster,0,Kirksville,7
2026-04-24,Ft. Zumwalt West,3,Kirkwood,6
2026-04-24,John Burroughs,2,Ladue Horton Watkins,3
2026-04-24,Lone Jack,11,Lathrop,2
2026-04-24,Oak Grove,4,Lawson,3
2026-04-24,Raytown South,3,Lincoln College Prep,13
2026-04-24,Climax Springs,8,Macks Creek,14
2026-04-24,Hannibal,7,Marshall,4
2026-04-24,Carthage,5,McDonald County,12
2026-04-24,La Plata,2,Meadville with Linn County,8
2026-04-24,Principia with Whitfield,11,Metro,8
2026-04-24,Lafayette (St. Joseph),3,Mid-Buchanan,5
2026-04-24,Sherwood,14,Midway,3
2026-04-24,Northeast (Cairo),0,Moberly,10
2026-04-24,Christian Fellowship Sr.,4,New Franklin,5
2026-04-24,Belton,2,North Kansas City,0
2026-04-24,South Holt,7,North Platte,11
2026-04-24,Troy Buchanan,0,North Point,5
2026-04-24,Westran,3,North Shelby,5
2026-04-24,Moberly,10,Northeast (Cairo),0
2026-04-24,Jennings,9,Northeast (Kansas City),8
2026-04-24,Leeton,1,Northwest (Hughesville),2
2026-04-24,Staley,10,Oak Park,1
2026-04-24,Parkway West,3,Oakville,12
2026-04-24,Potosi,6,Owensville,0
2026-04-24,Mexico,5,Palmyra,9
2026-04-24,Affton,2,Parkway Central,10
2026-04-24,Central (Cape Girardeau),14,Pattonville,5
2026-04-24,East Buchanan,1,Pembroke Hill,11
2026-04-24,Wellington-Napoleon,6,Plattsburg,3
2026-04-24,Metro,8,Principia with Whitfield,11
2026-04-24,Albany,1,Rock Port,3
2026-04-24,Central (Springfield),0,Rolla,15
2026-04-24,Capital City,0,Rolla,9
2026-04-24,Bevier,0,Salisbury,15
2026-04-24,Marceline,8,Scotland County,9
2026-04-24,Neelyville,0,Scott City,5
2026-04-24,Mark Twain,2,Silex,14
2026-04-24,Crocker,5,South Callaway,6
2026-04-24,Polo,4,South Harrison,5
2026-04-24,Liberty (Wentzville),1,St. Dominic,10
2026-04-24,Helias Catholic,3,St. Francis Borgia,2
2026-04-24,Summit Christian Academy,11,St. Paul Lutheran (Concordia),1
2026-04-24,Bolivar,12,Stockton,2
2026-04-24,Marshfield,9,Strafford,4
2026-04-24,Winnetonka,12,University City,2
2026-04-24,Wellsville-Middletown,4,Van-Far,2
2026-04-24,Osceola,0,Walnut Grove,13
2026-04-24,St. Michael the Archangel,1,Warrensburg,7
2026-04-24,Montgomery County,13,Warrenton,2
2026-04-24,Fair Grove,8,Warsaw,0
2026-04-24,Salem,5,Waynesville,11
2026-04-24,Lakeland,17,Weaubleau,7
2026-04-24,Marquette,13,Webster Groves,1
2026-04-24,Appleton City,13,Wheatland,6
2026-04-24,Pleasant Hope,13,Wheaton,8
2026-04-24,Excelsior Springs,11,William Chrisman,3
2026-04-24,Chaffee,11,Woodland,0
2026-04-25,Bakersfield,9,Alton,10
2026-04-25,Willow Springs,0,Alton,11
2026-04-25,New Covenant Academy,4,Barstow,10
2026-04-25,Kirksville,7,Boonville,8
2026-04-25,Mansfield,9,Buffalo,7
2026-04-25,Clearwater,15,Bunker with Lesterville,0
2026-04-25,Marshfield,12,Carthage,4
2026-04-25,University City,8,Center,9
2026-04-25,Clayton,0,Central (Cape Girardeau),2
2026-04-25,St. Pius X (Festus),7,Central (Cape Girardeau),17
2026-04-25,Knob Noster,5,Centralia,9
2026-04-25,Washington,4,Chaminade College Prep,10
2026-04-25,Washington,10,Chaminade College Prep,8
2026-04-25,Pattonville,0,Clayton,4
2026-04-25,Central (Cape Girardeau),2,Clayton,0
2026-04-25,East Carter,11,Clearwater,1
2026-04-25,Veritas Christian Academy,11,Clopton,4
2026-04-25,Stover,1,Cole Camp,11
2026-04-25,MICDS,17,De Smet Jesuit,10
2026-04-25,Lebanon,6,Dexter,8
2026-04-25,Seneca,17,Diamond,2
2026-04-25,Jennings,6,East (Kansas City),12
2026-04-25,Tipton,9,Eldon,3
2026-04-25,Sherwood,8,Faith Christian Academy,9
2026-04-25,Duchesne,12,Forsyth,2
2026-04-25,Rock Bridge,7,Francis Howell,5
2026-04-25,North Point,1,Francis Howell,11
2026-04-25,Parkway Central,2,Francis Howell Central,3
2026-04-25,Parkway Central,1,Francis Howell Central,6
2026-04-25,Ft. Zumwalt South,4,Ft. Zumwalt North,5
2026-04-25,Jefferson City,5,Ft. Zumwalt North,3
2026-04-25,Liberty (Wentzville),7,Ft. Zumwalt South,1
2026-04-25,Versailles,2,Fulton,7
2026-04-25,California,1,Fulton,12
2026-04-25,Sarcoxie,10,Galena,0
2026-04-25,Smithton,0,Green Ridge with La Monte,17
2026-04-25,Windsor,16,Green Ridge with La Monte,9
2026-04-25,Galena,9,Greenfield with Golden City,6
2026-04-25,Sarcoxie,11,Greenfield with Golden City,0
2026-04-25,Buffalo,10,Halfway,5
2026-04-25,Van Buren,10,Hartville,11
2026-04-25,Licking,0,Hickman,3
2026-04-25,Liberty (Wentzville),10,Jefferson City,6
2026-04-25,East (Kansas City),12,Jennings,6
2026-04-25,Mehlville,10,Ladue Horton Watkins,1
2026-04-25,Otterville,4,Lincoln,6
2026-04-25,Van Horn,1,Lincoln College Prep,8
2026-04-25,Tipton,3,Linn,2
2026-04-25,Forsyth,4,Logan-Rogersville,12
2026-04-25,Duchesne,4,Logan-Rogersville,12
2026-04-25,Vianney,5,Marquette,2
2026-04-25,West Platte,5,Maryville,2
2026-04-25,"Tina-Avalon with Hale, Bosworth",0,Maysville,15
2026-04-25,Faith Christian Academy,2,Maysville,6
2026-04-25,Ladue Horton Watkins,2,Mehlville,12
2026-04-25,Mountain Grove,4,Mt. Vernon,5
2026-04-25,Versailles,4,North Callaway,5
2026-04-25,California,4,North Callaway,3
2026-04-25,Orchard Farm,1,North County,2
2026-04-25,Valley Park,3,North County,0
2026-04-25,South Harrison,4,North Harrison,6
2026-04-25,Sacred Heart,3,Northwest (Hughesville),2
2026-04-25,Valley Park,0,Orchard Farm,10
2026-04-25,Eldon,5,Osage,1
2026-04-25,Linn,9,Osage,5
2026-04-25,Union,4,Parkway West,6
2026-04-25,Westminster Christian Academy,9,Parkway West,4
2026-04-25,St. Pius X (Festus),2,Pattonville,1
2026-04-25,Raytown South,1,Pembroke Hill,13
2026-04-25,Smithville,10,Pleasant Hill,0
2026-04-25,Diamond,4,Purdy,13
2026-04-25,North Point,4,Rock Bridge,5
2026-04-25,St. Dominic,3,Seckman,1
2026-04-25,Cooter,5,Senath-Hornersville,0
2026-04-25,Purdy,1,Seneca,1
2026-04-25,Diamond,2,Seneca,17
2026-04-25,"Tina-Avalon with Hale, Bosworth",4,Sherwood,16
2026-04-25,Faith Christian Academy,9,Sherwood,8
2026-04-25,Jackson,3,SLUH,6
2026-04-25,Jackson,4,SLUH,7
2026-04-25,Fort Osage,4,Smith-Cotton,8
2026-04-25,Stover,15,Smithton,5
2026-04-25,Pleasant Hill,2,Smithville,10
2026-04-25,North Harrison,6,South Harrison,4
2026-04-25,Ellington,8,South Iron,6
2026-04-25,Senath-Hornersville,3,South Pemiscot,7
2026-04-25,Cooter,1,South Pemiscot,4
2026-04-25,Reeds Spring,14,Spokane,5
2026-04-25,Holt,0,Timberland,13
2026-04-25,Westminster Christian Academy,4,Union,2
2026-04-25,Lutheran North,12,Van Horn,2
2026-04-25,Marquette,2,Vianney,5
2026-04-25,Smith-Cotton,4,Webb City,5
2026-04-25,Fort Osage,4,Webb City,9
2026-04-25,Dexter,3,West Plains,9
2026-04-25,Lebanon,0,West Plains,7
2026-04-25,Clever,8,Wheaton,0
2026-04-27,Summit Christian Academy,16,Barstow,2
2026-04-27,Maryville,2,Benton,9
2026-04-27,Lee's Summit North,2,Blue Springs South,18
2026-04-27,Sacred Heart,8,Cole Camp,0
2026-04-27,Jasper,4,Dadeville,3
2026-04-27,Ellington,0,East Carter,15
2026-04-27,Hillcrest,4,East Newton,10
2026-04-27,Kearney,4,Excelsior Springs,1
2026-04-27,Verona,3,Exeter,18
2026-04-27,Raytown South,3,Grandview,9
2026-04-27,Otterville,0,Green Ridge with La Monte,13
2026-04-27,Clarkton,0,Holcomb,15
2026-04-27,Lafayette County,0,Holden,13
2026-04-27,Excelsior Springs,1,Kearney,4
2026-04-27,Lee's Summit West,2,Lee's Summit,9
2026-04-27,Blue Springs South,18,Lee's Summit North,2
2026-04-27,Blue Springs,2,Liberty North,9
2026-04-27,Windsor,6,Lincoln,4
2026-04-27,Monett,0,Marshfield,11
2026-04-27,Northland Christian,12,North Platte,0
2026-04-27,East (Kansas City),9,Northeast (Kansas City),8
2026-04-27,Liberty,2,Oak Park,0
2026-04-27,St. Pius X (Kansas City),3,Odessa,2
2026-04-27,Central (St. Joseph),3,Park Hill,4
2026-04-27,Lockwood,3,Pierce City,5
2026-04-27,Gilman City with North Daviess,5,Plattsburg,6
2026-04-27,Staley,4,Raymore-Peculiar,1
2026-04-27,Platte County,11,Raytown,0
2026-04-27,Caruthersville with Hayti,0,Risco,1
2026-04-27,Scotland County,0,Schuyler County,2
2026-04-27,Portageville,9,Senath-Hornersville,2
2026-04-27,Winnetonka,0,Smithville,5
2026-04-27,Odessa,2,St. Pius X (Kansas City),3
2026-04-27,Galena,10,Walnut Grove,7
2026-04-27,Hermitage,0,Wheatland,3
2026-04-27,Purdy,12,Wheaton,0
2026-04-27,Carl Junction,5,Willard,6
2026-04-27,Grain Valley,9,William Chrisman,2
2026-04-28,Rock Bridge,1,Battle with Columbia Independent,0
2026-04-28,Fort Osage,5,Benton,3
2026-04-28,"Northwestern (Mendon) with Brunswick, Keytesville",11,Brashear with Novinger,2
2026-04-28,Osage,11,California,6
2026-04-28,Savannah,9,Cameron,0
2026-04-28,Knob Noster,1,Carrollton,0
2026-04-28,McDonald County,7,Cassville,2
2026-04-28,East (Kansas City),19,Central (Kansas City),10
2026-04-28,Lafayette (St. Joseph),1,Chillicothe,11
2026-04-28,Parkway North,1,Clayton,6
2026-04-28,Mark Twain,5,Clopton,9
2026-04-28,Concordia,9,Crest Ridge,5
2026-04-28,Sarcoxie,7,Diamond,17
2026-04-28,Archie,10,Drexel,0
2026-04-28,Lathrop,8,East Buchanan,10
2026-04-28,Tipton,8,Fayette,3
2026-04-28,Ft. Zumwalt West,1,Francis Howell Central,0
2026-04-28,Marshall,6,Hannibal,2
2026-04-28,Center,3,Harrisonville,13
2026-04-28,Lexington,2,Holden,12
2026-04-28,Westminster Christian Academy,12,John Burroughs,2
2026-04-28,Republic,0,Joplin,6
2026-04-28,Carrollton,0,Knob Noster,1
2026-04-28,Canton,1,La Plata,4
2026-04-28,Appleton City,7,Lakeland,2
2026-04-28,Mt. Vernon,2,Lamar,7
2026-04-28,Lee's Summit West,9,Lee's Summit North,5
2026-04-28,Bucklin with Macon County,7,Madison,9
2026-04-28,Braymer with Breckenridge,2,Maysville,12
2026-04-28,Macon,1,Mexico,4
2026-04-28,Fulton,3,Moberly,6
2026-04-28,Centralia,12,Monroe City,2
2026-04-28,Carthage,3,Neosho,2
2026-04-28,Slater,2,New Franklin,9
2026-04-28,Louisiana,4,North Callaway,14
2026-04-28,Pattonsburg with Winston,0,North Harrison,10
2026-04-28,Northeast Nodaway with Worth County,17,North Nodaway,1
2026-04-28,Plattsburg,6,North Platte,3
2026-04-28,Atlanta,6,North Shelby,1
2026-04-28,Stover,2,Northwest (Hughesville),12
2026-04-28,Clinton,4,Odessa,8
2026-04-28,Lawson,12,Penney,1
2026-04-28,"Newtown-Harris with Grundy County, Tri-County",0,Polo,10
2026-04-28,Schuyler County,7,Putnam County,1
2026-04-28,Kearney,18,Raytown South,1
2026-04-28,Lafayette County,1,Richmond,18
2026-04-28,Meadville with Linn County,4,Salisbury,13
2026-04-28,St. Paul Lutheran (Concordia),11,Santa Fe with Norborne,1
2026-04-28,Cameron,0,Savannah,9
2026-04-28,East Newton,0,Seneca,10
2026-04-28,Marionville,1,Skyline,5
2026-04-28,Grandview,1,Smithville,16
2026-04-28,Miller,3,Stockton,4
2026-04-28,Barstow,1,Summit Christian Academy,11
2026-04-28,Wellington-Napoleon,3,Sweet Springs,6
2026-04-28,Van Horn,12,University Academy Charter with Ewing Marion Kauffman,2
2026-04-28,Oak Grove,2,Warrensburg,5
2026-04-28,Willard,3,Webb City,5
2026-04-28,Rock Port,5,West Nodaway with Nodaway-Holt,1
2026-04-28,Mid-Buchanan,2,West Platte,0
2026-04-29,Valley,3,Arcadia Valley,4
2026-04-29,Miller,1,Ash Grove,2
2026-04-29,Pierce City,1,Ash Grove,8
2026-04-29,Bishop DuBourg,0,Bayless,10
2026-04-29,William Chrisman,2,Belton,1
2026-04-29,South Shelby,5,Bevier,9
2026-04-29,Fatima,5,Blair Oaks,6
2026-04-29,Fordland,10,Blue Eye,0
2026-04-29,Liberty North,9,Blue Springs South,2
2026-04-29,Elsberry,1,Bowling Green,7
2026-04-29,Wright City,3,Bowling Green,2
2026-04-29,Logan-Rogersville,0,Branson,7
2026-04-29,Bishop LeBlond,10,Braymer with Breckenridge,1
2026-04-29,Helias Catholic,5,Capital City,8
2026-04-29,Helias Catholic,2,Capital City,6
2026-04-29,Hillsboro,0,Central (Cape Girardeau),3
2026-04-29,Caruthersville with Hayti,1,Chaffee,12
2026-04-29,Chaminade College Prep,4,Christian Brothers College,13
2026-04-29,South Iron,7,Clearwater,1
2026-04-29,Hermitage,13,Climax Springs,3
2026-04-29,Archie,0,Clinton,10
2026-04-29,North Callaway,13,Clopton,2
2026-04-29,Lone Jack,13,Concordia,3
2026-04-29,Vianney,2,De Smet Jesuit,3
2026-04-29,Potosi,12,DeSoto,1
2026-04-29,Fair Grove,6,El Dorado Springs,0
2026-04-29,Marquette,2,Eureka,5
2026-04-29,Valle Catholic,5,Farmington,4
2026-04-29,North County,8,Festus,3
2026-04-29,Blue Eye,0,Fordland,10
2026-04-29,Walnut Grove,4,Forsyth,6
2026-04-29,Raytown,3,Fort Osage,13
2026-04-29,Liberty (Wentzville),6,Francis Howell,5
2026-04-29,Liberty (Wentzville),1,Francis Howell,3
2026-04-29,Troy Buchanan,1,Francis Howell North,5
2026-04-29,Ste. Genevieve,14,Fredericktown,2
2026-04-29,North Point,4,Ft. Zumwalt East,2
2026-04-29,Francis Howell Central,13,Ft. Zumwalt West,3
2026-04-29,Marceline,4,Gallatin,0
2026-04-29,Campbell,5,Gideon,4
2026-04-29,Kearney,17,Grandview,0
2026-04-29,Weaubleau,1,Halfway,9
2026-04-29,New Bloomfield,5,Harrisburg,6
2026-04-29,Webster Groves,9,Hazelwood West,4
2026-04-29,Capital City,6,Helias Catholic,2
2026-04-29,Jefferson City,4,Hickman,9
2026-04-29,Winfield,6,Holt,7
2026-04-29,Hickman,5,Jefferson City,4
2026-04-29,Westminster Christian Academy,7,John Burroughs,2
2026-04-29,Principia with Whitfield,0,Kirkwood,10
2026-04-29,Affton,1,Ladue Horton Watkins,11
2026-04-29,Rolla,11,Lebanon,0
2026-04-29,Staley,9,Lee's Summit,0
2026-04-29,Lee's Summit North,9,Lee's Summit West,2
2026-04-29,Miami (Amoret),0,Leeton,6
2026-04-29,Knob Noster,6,Lexington,0
2026-04-29,North Kansas City,0,Liberty,11
2026-04-29,Naylor,2,Liberty (Mountain View),1
2026-04-29,Strafford,2,Licking,3
2026-04-29,Rockwood Summit,3,Lindbergh,0
2026-04-29,Diamond,5,Lockwood,4
2026-04-29,Lutheran North,2,Lutheran South,7
2026-04-29,Perryville,8,Meadow Heights,12
2026-04-29,Priory,8,MICDS,9
2026-04-29,Hannibal,6,Moberly,4
2026-04-29,Southern Boone,6,New Bloomfield,3
2026-04-29,Harrisburg,6,New Bloomfield,5
2026-04-29,Charleston,0,Notre Dame (Cape Girardeau),13
2026-04-29,Park Hill,6,Oak Park,2
2026-04-29,Kelly,9,Oak Ridge,2
2026-04-29,Chaffee,4,Oran,0
2026-04-29,Warrenton,3,Orchard Farm,13
2026-04-29,DeKalb,8,Osborn with Stewartsville,9
2026-04-29,Midway,15,Osceola,4
2026-04-29,St. Francis Borgia,11,Owensville,1
2026-04-29,Glendale,8,Ozark,6
2026-04-29,Knox County,3,Paris with Faith Walk,11
2026-04-29,Central (St. Joseph),1,Park Hill South,0
2026-04-29,Seckman,6,Parkway Central,3
2026-04-29,Clayton,8,Parkway North,1
2026-04-29,Ritenour,1,Pattonville,7
2026-04-29,Ash Grove,8,Pierce City,1
2026-04-29,Grain Valley,1,Platte County,4
2026-04-29,Grain Valley,7,Platte County,5
2026-04-29,Lafayette (St. Joseph),1,Pleasant Hill,6
2026-04-29,East Prairie,0,Portageville,10
2026-04-29,Glasgow,11,Prairie Home with Bunceton,0
2026-04-29,Atlanta,16,Putnam County,1
2026-04-29,Blue Springs,2,Raymore-Peculiar,7
2026-04-29,Neelyville,16,Risco,1
2026-04-29,Battle with Columbia Independent,2,Rock Bridge,3
2026-04-29,St. Pius X (Kansas City),1,Rockhurst,5
2026-04-29,"Northwestern (Mendon) with Brunswick, Keytesville",1,Salisbury,14
2026-04-29,Wellington-Napoleon,4,Santa Fe with Norborne,2
2026-04-29,Maryville,4,Savannah,8
2026-04-29,St. Pius X (Festus),4,Saxony Lutheran,5
2026-04-29,Kennett,0,Scott City,4
2026-04-29,Warsaw,7,Sherwood,3
2026-04-29,Cooter,0,Sikeston,1
2026-04-29,Eugene,4,South Callaway,1
2026-04-29,Reeds Spring,0,Springfield Catholic,15
2026-04-29,St. Charles,5,St. Charles West,6
2026-04-29,Pembroke Hill,5,St. Michael the Archangel,3
2026-04-29,Fredericktown,2,Ste. Genevieve,14
2026-04-29,West County,4,Ste. Genevieve,0
2026-04-29,Licking,3,Strafford,2
2026-04-29,St. Paul Lutheran (Concordia),18,Sweet Springs,9
2026-04-29,Bakersfield,7,Thayer,8
2026-04-29,Ft. Zumwalt South,1,Timberland,3
2026-04-29,Francis Howell North,2,Troy Buchanan,3
2026-04-29,Ruskin,0,Truman,15
2026-04-29,Father Tolton,3,Union,1
2026-04-29,Alton,11,Van Buren,4
2026-04-29,University Academy Charter with Ewing Marion Kauffman,10,Van Horn,0
2026-04-29,Veritas Christian Academy,16,Van-Far,1
2026-04-29,Ft. Zumwalt North,4,Washington,5
2026-04-29,Ft. Zumwalt North,3,Washington,2
2026-04-29,Hazelwood West,4,Webster Groves,9
2026-04-29,Marshfield,11,West Plains,2
2026-04-29,John Burroughs,2,Westminster Christian Academy,7
2026-04-29,Fayette,11,Westran,10
2026-04-29,Exeter,2,Wheaton,0
2026-04-29,Bolivar,0,Willard,7
2026-04-29,St. Vincent,9,Windsor (Imperial),12
2026-04-29,Excelsior Springs,8,Winnetonka,2
2026-04-29,Bowling Green,2,Wright City,3
2026-04-30,Saxony Lutheran,0,Advance,10
2026-04-30,Ladue Horton Watkins,13,Affton,2
2026-04-30,Hermitage,5,Appleton City,11
2026-04-30,Seneca,0,Aurora,5
2026-04-30,Cabool,1,Bakersfield,16
2026-04-30,Metro,2,Bayless,5
2026-04-30,Helias Catholic,2,Blair Oaks,3
2026-04-30,Meadow Heights,4,Bloomfield,3
2026-04-30,Raymore-Peculiar,9,Blue Springs,6
2026-04-30,Wellsville-Middletown,3,Bowling Green,14
2026-04-30,Canton,0,Brashear with Novinger,8
2026-04-30,"Newtown-Harris with Grundy County, Tri-County",0,Brookfield,7
2026-04-30,Versailles,17,Butler,2
2026-04-30,Jamestown,5,Calvary Lutheran,1
2026-04-30,Richmond,2,Carrollton,3
2026-04-30,Joplin,5,Carthage,0
2026-04-30,Ruskin,1,Center,21
2026-04-30,Southeast,5,Central (Kansas City),7
2026-04-30,Cooter,7,Central (New Madrid County),3
2026-04-30,Potosi,8,Central (Park Hills),0
2026-04-30,West County,3,Central (Park Hills),2
2026-04-30,Ozark,20,Central (Springfield),0
2026-04-30,Palmyra,0,Centralia,15
2026-04-30,Christian Brothers College,6,Chaminade College Prep,2
2026-04-30,Maryville,1,Chillicothe,4
2026-04-30,Gideon,6,Clarkton,4
2026-04-30,Sparta,1,Clever,9
2026-04-30,Lincoln,11,Cole Camp,7
2026-04-30,Sweet Springs,13,Concordia,3
2026-04-30,Wellington-Napoleon,17,Crest Ridge,7
2026-04-30,Macks Creek,0,Crocker,15
2026-04-30,Mountain Grove,6,Cuba,4
2026-04-30,Pacific,13,Cuba,0
2026-04-30,Rock Port,16,DeKalb,2
2026-04-30,Windsor (Imperial),0,DeSoto,3
2026-04-30,Neelyville,0,Dexter,3
2026-04-30,Puxico,3,Doniphan,7
2026-04-30,Lutheran (Kansas City),7,Drexel,2
2026-04-30,Kirkwood,1,Duchesne,5
2026-04-30,Father Tolton,8,Eugene,0
2026-04-30,Cameron,0,Excelsior Springs,10
2026-04-30,North County,1,Farmington,3
2026-04-30,Seymour,0,Fordland,10
2026-04-30,Timberland,19,Ft. Zumwalt South,2
2026-04-30,Hallsville,0,Fulton,15
2026-04-30,Mansfield,0,Gainesville,5
2026-04-30,Spokane,12,Galena,1
2026-04-30,Madison,2,Glasgow,12
2026-04-30,Nixa,9,Glendale,2
2026-04-30,Schuyler County,24,Green City,0
2026-04-30,Northwest (Hughesville),4,Green Ridge with La Monte,2
2026-04-30,Buffalo,9,Greenwood,5
2026-04-30,Walnut Grove,6,Halfway,4
2026-04-30,Herculaneum,7,Hancock,1
2026-04-30,Marion C. Early,1,Hartville,7
2026-04-30,McCluer North,9,Hazelwood East,2
2026-04-30,Hannibal,1,Hickman,8
2026-04-30,Carl Junction,4,Hillcrest,3
2026-04-30,Perryville,1,Hillsboro,11
2026-04-30,South Pemiscot,3,Holcomb,4
2026-04-30,Ava,6,Houston,4
2026-04-30,Southwest (Washburn),1,Hurley,2
2026-04-30,Laquey,0,Iberia,15
2026-04-30,Belle,12,Jefferson City,8
2026-04-30,Republic,0,Kickapoo,10
2026-04-30,Viburnum,0,Kingston,14
2026-04-30,Scotland County,6,Kirksville,3
2026-04-30,Eldon,2,Knob Noster,12
2026-04-30,Parkway West,1,Lafayette (Wildwood),11
2026-04-30,Parkway West,0,Lafayette (Wildwood),15
2026-04-30,West Platte,4,Lathrop,1
2026-04-30,Fort Osage,3,Lee's Summit West,13
2026-04-30,Oak Grove,16,Lexington,1
2026-04-30,California,4,Linn,3
2026-04-30,Branson,4,Logan-Rogersville,6
2026-04-30,St. Paul Lutheran (Concordia),1,Lone Jack,4
2026-04-30,Maryville,5,Macon,3
2026-04-30,Delta (Deering),2,Malden,17
2026-04-30,Stockton,10,Marionville,0
2026-04-30,Eureka,5,Marquette,1
2026-04-30,Moberly,10,Marshall,5
2026-04-30,West Plains,2,Marshfield,12
2026-04-30,Hazelwood East,2,McCluer North,9
2026-04-30,Lamar,8,McDonald County,5
2026-04-30,Fox,1,Mehlville,11
2026-04-30,Kingsville,11,Midway,14
2026-04-30,Putnam County,12,Milan,0
2026-04-30,Mt. Vernon,3,Monett,1
2026-04-30,Louisiana,1,Montgomery County,13
2026-04-30,Pacific,12,Mountain Grove,2
2026-04-30,Cassville,0,Nevada,10
2026-04-30,Crane,0,New Covenant Academy,15
2026-04-30,Sullivan,15,New Haven,1
2026-04-30,Albany,2,North Harrison,12
2026-04-30,Mid-Buchanan,7,North Platte,5
2026-04-30,Ft. Zumwalt East,10,North Point,6
2026-04-30,Oakville,10,Northwest (Cedar Hill),0
2026-04-30,Harrisonville,10,Odessa,0
2026-04-30,Scott County Central,0,Oran,15
2026-04-30,Warrenton,8,Orchard Farm,21
2026-04-30,Capital City,0,Owensville,1
2026-04-30,Webb City,18,Parkview,0
2026-04-30,Hazelwood West,6,Parkway Central,16
2026-04-30,East Buchanan,9,Penney,2
2026-04-30,New Franklin,4,Pilot Grove,2
2026-04-30,Norwood,14,Plato,2
2026-04-30,Lawson,1,Plattsburg,2
2026-04-30,Warrensburg,11,Pleasant Hill,1
2026-04-30,Conway,8,Pleasant Hope,1
2026-04-30,Trenton,5,Polo,1
2026-04-30,Strafford,4,Purdy,5
2026-04-30,Truman,12,Raytown South,2
2026-04-30,East Newton,1,Reeds Spring,4
2026-04-30,Niangua,0,Richland,15
2026-04-30,Naylor,9,Risco,0
2026-04-30,Pattonville,8,Ritenour,0
2026-04-30,Center,19,Ruskin,1
2026-04-30,Warsaw,4,Sherwood,6
2026-04-30,North Callaway,5,Silex,2
2026-04-30,Weaubleau,5,Skyline,15
2026-04-30,Higbee,2,Slater,1
2026-04-30,Bishop DuBourg,0,SLUH,16
2026-04-30,Camdenton,8,Smith-Cotton,9
2026-04-30,Camdenton,2,Smith-Cotton,5
2026-04-30,Osborn with Stewartsville,0,South Holt,13
2026-04-30,Northeast Nodaway with Worth County,10,South Nodaway with Jefferson (Conception),2
2026-04-30,Highland,6,South Shelby,5
2026-04-30,St. Charles West,0,St. Charles,8
2026-04-30,Hermann,0,St. Clair,9
2026-04-30,Princeton,6,St. Joseph Christian,1
2026-04-30,Cardinal Ritter,0,St. Pius X (Festus),15
2026-04-30,Bishop LeBlond,1,St. Pius X (Kansas City),16
2026-04-30,Jefferson (Festus),9,St. Vincent,8
2026-04-30,Lee's Summit North,3,Staley,4
2026-04-30,King City with Union Star,14,Stanberry,0
2026-04-30,Valle Catholic,10,Ste. Genevieve,0
2026-04-30,Climax Springs,1,Stoutland,9
2026-04-30,Community,13,Sturgeon,6
2026-04-30,Meadville with Linn County,7,"Tina-Avalon with Hale, Bosworth",6
2026-04-30,St. James,0,Union,10
2026-04-30,Hazelwood Central,6,University City,15
2026-04-30,Bourbon,2,Valley,4
2026-04-30,Brentwood,3,Valley Park,5
2026-04-30,Christian Fellowship Sr.,29,Van-Far,12
2026-04-30,New Heights Christian,17,Verona,3
2026-04-30,De Smet Jesuit,3,Vianney,7
2026-04-30,Sherwood,6,Warsaw,4
2026-04-30,Lebanon,11,Waynesville,3
2026-04-30,"Tarkio with Fairfax, Craig",1,West Nodaway with Nodaway-Holt,11
2026-04-30,Paris with Faith Walk,6,Westran,7
2026-04-30,Billings,11,Wheaton,1
2026-04-30,Neosho,5,Willard,8
2026-04-30,Van Horn,3,William Chrisman,8
2026-04-30,Sacred Heart,1,Windsor,3
2026-04-30,Holt,4,Winfield,11
2026-04-30,Smithville,1,Winnetonka,11
2026-05-01,Metro,2,Affton,3
2026-05-01,Humansville with Fair Play,2,Appleton City,14
2026-05-01,Ellington,5,Arcadia Valley,15
2026-05-01,Hermitage,3,Ash Grove,13
2026-05-01,Eugene,4,Belle,7
2026-05-01,Platte County,9,Belton,0
2026-05-01,East Carter,2,Bernie,5
2026-05-01,Bucklin with Macon County,0,Bevier,9
2026-05-01,Exeter,5,Billings,6
2026-05-01,Southwest (Washburn),8,Blue Eye,9
2026-05-01,Lee's Summit West,8,Blue Springs South,18
2026-05-01,Southern Boone,1,Boonville,0
2026-05-01,Principia with Whitfield,11,Brentwood,7
2026-05-01,Plato,19,Bunker with Lesterville,2
2026-05-01,Dixon,3,Camdenton,11
2026-05-01,Hollister,14,Cassville,4
2026-05-01,Pleasant Hill,21,Center,1
2026-05-01,Liberty,11,Central (St. Joseph),8
2026-05-01,California,6,Centralia,14
2026-05-01,Hurley,14,Chadwick,7
2026-05-01,Cooter,4,Chaffee,12
2026-05-01,Orchard Farm,2,Chaminade College Prep,12
2026-05-01,Kirksville,2,Chillicothe,7
2026-05-01,Sturgeon,9,Christian Fellowship Sr.,2
2026-05-01,Valley Park,5,Clayton,1
2026-05-01,Pierce City,2,Clever,12
2026-05-01,Northeast (Cairo),15,Community,0
2026-05-01,Marionville,16,Crane,4
2026-05-01,Vienna,3,Crocker,18
2026-05-01,Kingston,2,Crystal City,12
2026-05-01,Greenwood,3,Dadeville,11
2026-05-01,East Prairie,5,Delta,0
2026-05-01,Poplar Bluff,9,Dexter,2
2026-05-01,South Iron,4,Doniphan,14
2026-05-01,Grandview,0,Excelsior Springs,10
2026-05-01,Festus,5,Farmington,0
2026-05-01,Linn,2,Fatima,8
2026-05-01,Lafayette (Wildwood),3,Francis Howell Central,2
2026-05-01,Timberland,11,Francis Howell North,10
2026-05-01,Central (Park Hills),15,Fredericktown,0
2026-05-01,Liberty (Wentzville),2,Ft. Zumwalt North,1
2026-05-01,Ft. Zumwalt South,0,Ft. Zumwalt West,10
2026-05-01,Niangua,0,Galena,13
2026-05-01,Gateway Science Charter,20,Gateway with Soldan International Studies,8
2026-05-01,Fort Osage,1,Grain Valley,11
2026-05-01,Herculaneum,28,Grandview (Hillsboro),2
2026-05-01,Putnam County,3,Green City,1
2026-05-01,Advance,1,Greenville,4
2026-05-01,Macks Creek,5,Halfway,1
2026-05-01,Kirkwood,7,Hazelwood West,0
2026-05-01,Twin Rivers,3,Holcomb,2
2026-05-01,Kennett,0,Jackson,10
2026-05-01,Marion C. Early,3,Jasper,4
2026-05-01,St. Vincent,6,Jefferson (Festus),11
2026-05-01,Rolla,8,Jefferson City,1
2026-05-01,Lutheran St. Charles,2,John Burroughs,7
2026-05-01,Benton,2,Kearney,3
2026-05-01,Central (Cape Girardeau),5,Kelly,0
2026-05-01,Albany,1,King City with Union Star,11
2026-05-01,Maryville,7,Kirksville,6
2026-05-01,Northwest (Cedar Hill),5,Ladue Horton Watkins,7
2026-05-01,Northland Christian,8,Lamar,7
2026-05-01,Mid-Buchanan,13,Lathrop,0
2026-05-01,Holden,8,Lawson,3
2026-05-01,Blue Springs,4,Lee's Summit,14
2026-05-01,Cole Camp,14,Leeton,2
2026-05-01,Lakeland,2,Liberal,0
2026-05-01,Raymore-Peculiar,3,Liberty North,9
2026-05-01,Bishop DuBourg,3,Maplewood-Richmond Hts.,1
2026-05-01,Highland,11,Marion County,1
2026-05-01,Francis Howell,2,Marquette,5
2026-05-01,Fair Grove,0,Marshfield,10
2026-05-01,Polo,0,Maysville,10
2026-05-01,Fulton,5,Mexico,3
2026-05-01,Sarcoxie,6,Miller,3
2026-05-01,Forsyth,5,Monett,2
2026-05-01,Mark Twain,11,Monroe City,4
2026-05-01,Thayer,6,Neelyville,7
2026-05-01,Oak Park,14,North Kansas City,4
2026-05-01,South Nodaway with Jefferson (Conception),8,North Nodaway,2
2026-05-01,Paris with Faith Walk,4,North Shelby,11
2026-05-01,Plattsburg,11,Northeast Nodaway with Worth County,2
2026-05-01,Atlanta,7,"Northwestern (Mendon) with Brunswick, Keytesville",1
2026-05-01,Lutheran North,0,Oakville,6
2026-05-01,New Bloomfield,11,Osage,0
2026-05-01,St. Elizabeth,10,Osage,1
2026-05-01,New Haven,0,Owensville,5
2026-05-01,Branson,2,Ozark,8
2026-05-01,Hannibal,11,Palmyra,5
2026-05-01,Park Hill South,2,Park Hill,1
2026-05-01,Central (Springfield),2,Parkview,7
2026-05-01,Rockwood Summit,3,Parkway Central,6
2026-05-01,Seckman,3,Parkway South,0
2026-05-01,Princeton,23,Pattonsburg with Winston,9
2026-05-01,Hillsboro,2,Perryville,7
2026-05-01,Otterville,9,Prairie Home with Bunceton,0
2026-05-01,MICDS,6,Priory,7
2026-05-01,East Newton,7,Purdy,10
2026-05-01,Truman,21,Raytown,3
2026-05-01,Winnetonka,17,Raytown South,2
2026-05-01,Carl Junction,9,Republic,0
2026-05-01,Carrollton,7,Richmond,4
2026-05-01,Pembroke Hill,16,Russellville,3
2026-05-01,Waynesville,17,Salem,9
2026-05-01,Licking,7,Salem,0
2026-05-01,East Buchanan,4,Savannah,14
2026-05-01,"Newtown-Harris with Grundy County, Tri-County",5,Schuyler County,2
2026-05-01,Salisbury,25,Scotland County,6
2026-05-01,Oak Ridge,0,Scott City,15
2026-05-01,Central (New Madrid County),1,Senath-Hornersville,11
2026-05-01,Lebanon,18,Seneca,8
2026-05-01,Cabool,0,Seymour,3
2026-05-01,Notre Dame (Cape Girardeau),4,Sikeston,0
2026-05-01,Diamond,4,Skyline,2
2026-05-01,Northwest (Hughesville),4,Smith-Cotton,8
2026-05-01,Sacred Heart,4,Smith-Cotton,7
2026-05-01,Gallatin,2,South Harrison,13
2026-05-01,Mansfield,3,Sparta,2
2026-05-01,North Point,6,St. Charles,7
2026-05-01,Parkway North,1,St. Charles West,16
2026-05-01,Pembroke Hill,4,St. Elizabeth,6
2026-05-01,Hermann,1,St. James,9
2026-05-01,Lincoln College Prep,3,St. Michael the Archangel,4
2026-05-01,Ste. Genevieve,0,St. Pius X (Festus),5
2026-05-01,Bismarck,9,Steelville,0
2026-05-01,Buffalo,5,Stockton,14
2026-05-01,Warrensburg,3,Summit Christian Academy,9
2026-05-01,Slater,6,Sweet Springs,1
2026-05-01,Knob Noster,3,Tipton,8
2026-05-01,Ft. Zumwalt East,6,Troy Buchanan,7
2026-05-01,St. Clair,0,Union,10
2026-05-01,Portageville,3,Van Buren,0
2026-05-01,St. Francis Borgia,5,Washington,3
2026-05-01,Licking,23,Waynesville,4
2026-05-01,Mehlville,5,Webster Groves,2
2026-05-01,Higbee,10,Wellsville-Middletown,9
2026-05-01,Ava,0,West Plains,5
2026-05-01,South Shelby,0,Westran,15
2026-05-01,New Heights Christian,19,Wheaton,13
2026-05-01,Ruskin,0,William Chrisman,20
2026-05-01,DeSoto,10,Windsor (Imperial),2
2026-05-01,Veritas Christian Academy,6,Winfield,4
2026-05-02,Sherwood,7,Adrian,6
2026-05-02,Versailles,1,Adrian,11
2026-05-02,Cooter,3,Advance,8
2026-05-02,Scott City,17,Alton,0
2026-05-02,Webb City,8,Aurora,1
2026-05-02,Forsyth,10,Buffalo,2
2026-05-02,Warsaw,5,Butler,4
2026-05-02,Malden,2,Caruthersville with Hayti,7
2026-05-02,Campbell,2,Caruthersville with Hayti,3
2026-05-02,Macon,3,Chillicothe,5
2026-05-02,Clarkton,14,Clearwater,8
2026-05-02,Leeton,3,Clinton,13
2026-05-02,Osceola,0,Clinton,15
2026-05-02,Northland Christian,7,Conway,1
2026-05-02,Marquette,10,De Smet Jesuit,1
2026-05-02,Kelly,3,Dexter,2
2026-05-02,Fatima,15,East Newton,3
2026-05-02,Sherwood,1,El Dorado Springs,11
2026-05-02,Versailles,0,El Dorado Springs,2
2026-05-02,Vianney,4,Eureka,13
2026-05-02,East Newton,4,Fair Grove,10
2026-05-02,Fatima,1,Fair Grove,7
2026-05-02,Cardinal Ritter,0,Father Tolton,17
2026-05-02,Cardinal Ritter,0,Father Tolton,16
2026-05-02,Slater,0,Fayette,5
2026-05-02,Jamestown,5,Fayette,9
2026-05-02,Kickapoo,5,Francis Howell,4
2026-05-02,Francis Howell,6,Glendale,2
2026-05-02,Alton,4,Greenville,1
2026-05-02,Scott City,16,Greenville,0
2026-05-02,Harrisburg,1,Hallsville,11
2026-05-02,Pilot Grove,1,Hallsville,2
2026-05-02,Pilot Grove,8,Harrisburg,3
2026-05-02,Windsor,0,Harrisonville,11
2026-05-02,Ladue Horton Watkins,14,Hazelwood West,3
2026-05-02,Notre Dame (Cape Girardeau),1,Jackson,3
2026-05-02,Crystal City,3,Jefferson (Festus),19
2026-05-02,Crystal City,5,Jefferson (Festus),20
2026-05-02,Staley,2,Kickapoo,1
2026-05-02,Arcadia Valley,3,Kingston,6
2026-05-02,West County,15,Kingston,0
2026-05-02,Macon,0,Kirksville,6
2026-05-02,Nixa,10,Lee's Summit,5
2026-05-02,Osceola,10,Leeton,13
2026-05-02,St. Pius X (Kansas City),3,Liberty,1
2026-05-02,St. Pius X (Kansas City),1,Liberty,10
2026-05-02,Pacific,8,Licking,6
2026-05-02,De Smet Jesuit,1,Marquette,10
2026-05-02,St. Charles,1,Montgomery County,3
2026-05-02,Wright City,2,Montgomery County,8
2026-05-02,St. Elizabeth,5,New Bloomfield,1
2026-05-02,Weaubleau,1,New Covenant Academy,21
2026-05-02,Glasgow,0,New Franklin,4
2026-05-02,Hickman,18,Oak Park,1
2026-05-02,Pembroke Hill,16,Osage,6
2026-05-02,Dixon,6,Palmyra,10
2026-05-02,Bolivar,9,Pleasant Hill,10
2026-05-02,Bolivar,8,Pleasant Hill,6
2026-05-02,Central (Cape Girardeau),2,Poplar Bluff,5
2026-05-02,Parkway North,2,Principia with Whitfield,4
2026-05-02,Carthage,1,Raymore-Peculiar,4
2026-05-02,New Covenant Academy,4,Reeds Spring,7
2026-05-02,Weaubleau,0,Reeds Spring,15
2026-05-02,Glendale,7,Rock Bridge,1
2026-05-02,Staley,4,Rock Bridge,2
2026-05-02,Timberland,1,Rolla,7
2026-05-02,Pembroke Hill,3,Russellville,15
2026-05-02,Cuba,18,Salem,1
2026-05-02,Portageville,10,Senath-Hornersville,0
2026-05-02,South Pemiscot,6,Senath-Hornersville,10
2026-05-02,Buffalo,3,Seymour,13
2026-05-02,Forsyth,7,Seymour,3
2026-05-02,Kennett,0,Sikeston,10
2026-05-02,Palmyra,10,South Callaway,8
2026-05-02,Dixon,0,South Callaway,10
2026-05-02,Tipton,2,Southern Boone,10
2026-05-02,Pierce City,17,Southwest (Washburn),0
2026-05-02,Wright City,6,St. Charles,7
2026-05-02,Conway,8,Strafford,14
2026-05-02,Northland Christian,13,Strafford,0
2026-05-02,Holt,0,Troy Buchanan,2
2026-05-02,Holt,0,Troy Buchanan,10
2026-05-02,St. Francis Borgia,12,Warrenton,0
2026-05-02,Mountain Grove,1,Waynesville,16
2026-05-02,Christian Brothers College,6,Westminster Christian Academy,1
2026-05-02,Christian Brothers College,15,Westminster Christian Academy,4
2026-05-02,Branson,0,Willard,5
2026-05-04,Valley,3,Arcadia Valley,2
2026-05-04,Forsyth,9,Ava,1
2026-05-04,Rolla,11,Battle with Columbia Independent,8
2026-05-04,Brentwood,3,Bayless,6
2026-05-04,Gideon,1,Bell City,11
2026-05-04,Fort Osage,10,Belton,5
2026-05-04,Fort Osage,17,Belton,1
2026-05-04,Central (Park Hills),12,Bismarck,2
2026-05-04,Woodland,9,Bloomfield,7
2026-05-04,Strafford,10,Bolivar,3
2026-05-04,Grandview (Hillsboro),0,Bourbon,15
2026-05-04,Lebanon,2,Branson,7
2026-05-04,Mt. Vernon,9,Buffalo,8
2026-05-04,South Iron,19,Bunker with Lesterville,0
2026-05-04,Norwood,12,Cabool,1
2026-05-04,Fayette,4,Calvary Lutheran,1
2026-05-04,Portageville,11,Caruthersville with Hayti,0
2026-05-04,Clever,5,Cassville,6
2026-05-04,Notre Dame (Cape Girardeau),1,Central (Cape Girardeau),5
2026-05-04,Monett,17,Central (Springfield),0
2026-05-04,North Kansas City,1,Central (St. Joseph),12
2026-05-04,Principia with Whitfield,1,Christian Brothers College,16
2026-05-04,Monroe City,0,Clark County,10
2026-05-04,Macks Creek,2,Climax Springs,1
2026-05-04,Windsor,7,Clinton,14
2026-05-04,Highland,0,Clopton,15
2026-05-04,Wright City,5,Clopton,4
2026-05-04,Warsaw,7,Cole Camp,3
2026-05-04,Carrollton,21,Concordia,8
2026-05-04,Skyline,1,Conway,3
2026-05-04,Spokane,16,Crane,0
2026-05-04,Santa Fe with Norborne,9,Crest Ridge,13
2026-05-04,Richland,0,Crocker,8
2026-05-04,Humansville with Fair Play,1,Dadeville,20
2026-05-04,Kennett,5,Dexter,4
2026-05-04,Midway,15,Drexel,0
2026-05-04,Westminster Christian Academy,6,Duchesne,10
2026-05-04,Bishop LeBlond,2,East Buchanan,14
2026-05-04,Ash Grove,10,East Newton,12
2026-05-04,East Carter,11,East Prairie,0
2026-05-04,Sullivan,12,Eldon,3
2026-05-04,Clearwater,6,Ellington,7
2026-05-04,Parkway Central,1,Eureka,11
2026-05-04,Licking,0,Fatima,1
2026-05-04,De Smet Jesuit,4,Francis Howell Central,6
2026-05-04,West County,15,Fredericktown,0
2026-05-04,Chaminade College Prep,20,Ft. Zumwalt East,4
2026-05-04,California,5,Fulton,11
2026-05-04,Brookfield,5,Glasgow,10
2026-05-04,Smithville,22,Grandview,3
2026-05-04,Sherwood,19,Green Ridge with La Monte,20
2026-05-04,Saxony Lutheran,4,Greenville,1
2026-05-04,Bowling Green,4,Hannibal,3
2026-05-04,Houston,11,Hartville,12
2026-05-04,Pattonville,15,Hazelwood West,2
2026-05-04,New Haven,0,Hermann,10
2026-05-04,Weaubleau,0,Hermitage,14
2026-05-04,Webster Groves,3,Hillsboro,13
2026-05-04,Cooter,2,Holcomb,1
2026-05-04,Warrensburg,10,Holden,3
2026-05-04,Wheaton,1,Hurley,5
2026-05-04,Versailles,0,Iberia,6
2026-05-04,Poplar Bluff,3,Jackson,7
2026-05-04,Lamar,16,Jasper,1
2026-05-04,Perryville,2,Jefferson (Festus),11
2026-05-04,Sikeston,5,Kelly,3
2026-05-04,South Harrison,7,King City with Union Star,17
2026-05-04,Ste. Genevieve,10,Kingston,0
2026-05-04,Kirkwood,0,Lafayette (Wildwood),1
2026-05-04,Richmond,13,Lafayette County,1
2026-05-04,Kingsville,3,Lakeland,4
2026-05-04,Lexington,3,Lathrop,8
2026-05-04,Cameron,7,Lawson,9
2026-05-04,Blue Springs,3,Lee's Summit North,7
2026-05-04,Staley,7,Lee's Summit West,12
2026-05-04,Appleton City,17,Liberal,2
2026-05-04,Parkway North,0,Liberty (Wentzville),15
2026-05-04,Lee's Summit,5,Liberty North,15
2026-05-04,Northwest (Hughesville),6,Lincoln,9
2026-05-04,Mid-Buchanan,4,Lincoln College Prep,3
2026-05-04,Parkway South,0,Lindbergh,1
2026-05-04,Priory,7,Lutheran South,3
2026-05-04,Union,11,Lutheran St. Charles,0
2026-05-04,Mountain Grove,4,Mansfield,8
2026-05-04,Chadwick,2,Marion C. Early,18
2026-05-04,Louisiana,17,Marion County,5
2026-05-04,New Heights Christian,8,Marionville,6
2026-05-04,Neosho,7,McDonald County,2
2026-05-04,Leopold,1,Meadow Heights,5
2026-05-04,Hallsville,6,Mexico,7
2026-05-04,Trenton,10,Milan,0
2026-05-04,Southwest (Washburn),0,Miller,10
2026-05-04,Blair Oaks,1,Moberly,3
2026-05-04,Cuba,9,Montgomery County,13
2026-05-04,Greenwood,2,New Covenant Academy,15
2026-05-04,Westran,7,New Franklin,6
2026-05-04,Centralia,13,North Callaway,3
2026-05-04,North Andrew,1,North Harrison,11
2026-05-04,Rock Port,8,North Platte,7
2026-05-04,Francis Howell North,4,North Point,11
2026-05-04,Community,0,North Shelby,1
2026-05-04,Rockwood Summit,10,Northwest (Cedar Hill),0
2026-05-04,Lone Jack,1,Odessa,3
2026-05-04,Scott City,11,Oran,0
2026-05-04,"Tarkio with Fairfax, Craig",7,Osborn with Stewartsville,3
2026-05-04,Linn,2,Owensville,10
2026-05-04,Liberty,11,Park Hill,1
2026-05-04,Oak Park,0,Park Hill South,9
2026-05-04,Hillcrest,18,Parkview,2
2026-05-04,Sturgeon,2,Pilot Grove,1
2026-05-04,Oak Grove,9,Pleasant Hill,6
2026-05-04,Stover,18,Prairie Home with Bunceton,16
2026-05-04,Putnam County,9,Princeton,10
2026-05-04,Pierce City,1,Purdy,3
2026-05-04,Chaffee,18,Puxico,4
2026-05-04,Blue Springs South,10,Raymore-Peculiar,0
2026-05-04,Excelsior Springs,16,Raytown South,1
2026-05-04,Lafayette County,1,Richmond,13
2026-05-04,Doniphan,4,Risco,5
2026-05-04,Raytown,16,Ruskin,0
2026-05-04,West Plains,10,Salem,3
2026-05-04,Benton,0,Savannah,10
2026-05-04,Bucklin with Macon County,6,Schuyler County,5
2026-05-04,Canton,4,Scotland County,14
2026-05-04,Eugene,19,Smithton,0
2026-05-04,Albany,2,South Holt,4
2026-05-04,Northeast (Kansas City),18,Southeast,7
2026-05-04,Pacific,11,St. Charles,1
2026-05-04,Ft. Zumwalt North,12,St. Charles West,10
2026-05-04,St. Francis Borgia,3,St. Clair,1
2026-05-04,Father Tolton,4,St. Dominic,11
2026-05-04,Waynesville,10,St. James,4
2026-05-04,University Academy Charter with Ewing Marion Kauffman,0,St. Michael the Archangel,16
2026-05-04,Maplewood-Richmond Hts.,3,St. Pius X (Festus),13
2026-05-04,Bishop DuBourg,1,St. Pius X (Festus),16
2026-05-04,Oak Ridge,2,St. Vincent,4
2026-05-04,Northeast Nodaway with Worth County,14,Stanberry,2
2026-05-04,Belle,14,Steelville,2
2026-05-04,Plato,1,Stoutland,4
2026-05-04,Pembroke Hill,13,Summit Christian Academy,14
2026-05-04,Grain Valley,5,Truman,0
2026-05-04,Neelyville,10,Van Buren,5
2026-05-04,Barstow,0,Van Horn,15
2026-05-04,Silex,17,Van-Far,2
2026-05-04,Orchard Farm,7,Veritas Christian Academy,3
2026-05-04,Sarcoxie,19,Verona,5
2026-05-04,Fordland,12,Walnut Grove,2
2026-05-04,Silex,19,Wellsville-Middletown,0
2026-05-04,DeKalb,0,West Platte,10
2026-05-04,Republic,1,Willard,13
2026-05-04,Platte County,13,William Chrisman,1
2026-05-04,Seymour,3,Willow Springs,5
2026-05-04,Fox,16,Windsor (Imperial),7
2026-05-04,Kearney,10,Winnetonka,3
2026-05-05,Lockwood,6,Ash Grove,11
2026-05-05,Hollister,2,Aurora,0
2026-05-05,Van Horn,1,Barstow,4
2026-05-05,Verona,2,Billings,21
2026-05-05,Smithville,1,Blue Springs,2
2026-05-05,Gallatin,2,Braymer with Breckenridge,1
2026-05-05,Salisbury,14,Brookfield,0
2026-05-05,"Tina-Avalon with Hale, Bosworth",13,Bucklin with Macon County,7
2026-05-05,Bishop LeBlond,3,Cameron,9
2026-05-05,Cooter,8,Caruthersville with Hayti,3
2026-05-05,Seneca,16,Cassville,6
2026-05-05,Maryville,3,Chillicothe,4
2026-05-05,Macon,0,Clark County,4
2026-05-05,Sparta,3,Conway,6
2026-05-05,Caruthersville with Hayti,3,Cooter,8
2026-05-05,Marionville,0,Diamond,10
2026-05-05,Central (St. Joseph),3,East Buchanan,7
2026-05-05,Naylor,11,Ellington,9
2026-05-05,Stockton,0,Fair Grove,13
2026-05-05,South Callaway,13,Fayette,3
2026-05-05,Ava,11,Gainesville,4
2026-05-05,Pierce City,15,Greenfield with Golden City,0
2026-05-05,Chadwick,10,Humansville with Fair Play,8
2026-05-05,Willard,11,Joplin,1
2026-05-05,Lee's Summit West,6,Kearney,2
2026-05-05,Lebanon,0,Kickapoo,7
2026-05-05,Brashear with Novinger,5,Knox County,0
2026-05-05,Green City,0,La Plata,10
2026-05-05,Benton,16,Lafayette (St. Joseph),2
2026-05-05,Rolla,20,Licking,5
2026-05-05,Bolivar,7,Logan-Rogersville,10
2026-05-05,Fordland,5,Mansfield,6
2026-05-05,Higbee,11,Marion County,4
2026-05-05,Branson,5,Marshfield,7
2026-05-05,Nevada,12,McDonald County,5
2026-05-05,East Newton,6,Mt. Vernon,7
2026-05-05,Parkview,0,Neosho,18
2026-05-05,Jasper,12,New Heights Christian,0
2026-05-05,Milan,4,"Newtown-Harris with Grundy County, Tri-County",10
2026-05-05,Central (Springfield),0,Nixa,17
2026-05-05,Plattsburg,8,North Andrew,0
2026-05-05,Webb City,11,Ozark,4
2026-05-05,Laquey,13,Plato,1
2026-05-05,South Harrison,6,Putnam County,4
2026-05-05,Lathrop,0,Raytown South,9
2026-05-05,Sarcoxie,1,Reeds Spring,6
2026-05-05,Carthage,13,Republic,0
2026-05-05,Licking,5,Rolla,20
2026-05-05,Wellington-Napoleon,11,Santa Fe with Norborne,4
2026-05-05,Reeds Spring,6,Sarcoxie,1
2026-05-05,St. Pius X (Kansas City),6,Savannah,2
2026-05-05,Charleston,0,Scott City,14
2026-05-05,Blue Eye,11,Seymour,8
2026-05-05,Northeast (Cairo),9,Slater,2
2026-05-05,West Platte,9,Smithville,2
2026-05-05,Pleasant Hope,5,Spokane,3
2026-05-05,Carl Junction,7,Springfield Catholic,6
2026-05-05,Stanberry,4,St. Joseph Christian,19
2026-05-05,Lawson,7,Trenton,4
2026-05-05,Glendale,12,Waynesville,3
2026-05-05,Schuyler County,14,Westran,0
2026-05-06,Portageville,7,Advance,2
2026-05-06,Jasper,4,Appleton City,5
2026-05-06,Smith-Cotton,18,Battle with Columbia Independent,4
2026-05-06,Chillicothe,2,Benton,12
2026-05-06,Chillicothe,16,Bishop LeBlond,4
2026-05-06,Lee's Summit West,10,Blue Springs,8
2026-05-06,Staley,5,Blue Springs South,2
2026-05-06,California,0,Boonville,10
2026-05-06,Nevada,25,Butler,0
2026-05-06,Jefferson City,11,Capital City,2
2026-05-06,Jefferson City,9,Capital City,1
2026-05-06,Nixa,6,Carl Junction,5
2026-05-06,Lexington,0,Carrollton,10
2026-05-06,Northeast (Kansas City),8,Central (Kansas City),10
2026-05-06,Scott City,12,Chaffee,0
2026-05-06,SLUH,3,Chaminade College Prep,4
2026-05-06,De Smet Jesuit,7,Christian Brothers College,6
2026-05-06,Slater,1,Christian Fellowship Sr.,7
2026-05-06,Knox County,0,Clark County,10
2026-05-06,Ladue Horton Watkins,2,Clayton,1
2026-05-06,Lone Jack,3,Clinton,5
2026-05-06,Van-Far,5,Clopton,12
2026-05-06,Richland,2,Conway,13
2026-05-06,Billings,11,Crane,1
2026-05-06,Halfway,3,Crocker,18
2026-05-06,Salem,4,Cuba,2
2026-05-06,Wheatland,1,Dadeville,0
2026-05-06,Central (Cape Girardeau),1,DeSoto,5
2026-05-06,Warsaw,2,Eldon,19
2026-05-06,Harrisburg,0,Eugene,15
2026-05-06,Lindbergh,3,Eureka,7
2026-05-06,Central (Park Hills),3,Farmington,8
2026-05-06,Webster Groves,0,Festus,15
2026-05-06,William Chrisman,1,Fort Osage,11
2026-05-06,Affton,5,Fox,6
2026-05-06,Francis Howell,1,Francis Howell Central,5
2026-05-06,Ft. Zumwalt West,10,Francis Howell North,1
2026-05-06,North Point,4,Ft. Zumwalt North,0
2026-05-06,Ft. Zumwalt East,13,Ft. Zumwalt South,3
2026-05-06,Francis Howell North,3,Ft. Zumwalt West,10
2026-05-06,Francis Howell North,1,Ft. Zumwalt West,10
2026-05-06,Raytown,0,Grain Valley,14
2026-05-06,Winnetonka,11,Grandview,0
2026-05-06,Father Tolton,8,Hannibal,4
2026-05-06,Warrensburg,2,Harrisonville,1
2026-05-06,Helias Catholic,6,Hickman,4
2026-05-06,Helias Catholic,2,Hickman,3
2026-05-06,Mark Twain,15,Highland,3
2026-05-06,Oak Grove,6,Holden,16
2026-05-06,Orchard Farm,8,Holt,0
2026-05-06,Principia with Whitfield,3,John Burroughs,9
2026-05-06,Raytown South,0,Kearney,7
2026-05-06,Putnam County,3,Kirksville,4
2026-05-06,Vianney,5,Kirkwood,1
2026-05-06,Bevier,1,La Plata,11
2026-05-06,Raymore-Peculiar,1,Lee's Summit,5
2026-05-06,Liberty North,13,Lee's Summit North,8
2026-05-06,Carrollton,10,Lexington,0
2026-05-06,Park Hill South,1,Liberty,7
2026-05-06,Lafayette (Wildwood),7,Marquette,1
2026-05-06,Odessa,2,Marshall,6
2026-05-06,Hollister,0,Marshfield,12
2026-05-06,Ritenour,0,Mehlville,15
2026-05-06,South Nodaway with Jefferson (Conception),4,Mid-Buchanan,14
2026-05-06,Ste. Genevieve,7,North County,8
2026-05-06,Park Hill,4,North Kansas City,0
2026-05-06,Ft. Zumwalt North,1,North Point,3
2026-05-06,Stover,0,Northwest (Hughesville),15
2026-05-06,Central (St. Joseph),7,Oak Park,4
2026-05-06,St. Pius X (Festus),16,Oak Ridge,3
2026-05-06,Ruskin,0,Platte County,15
2026-05-06,Savannah,8,Plattsburg,4
2026-05-06,Doniphan,0,Poplar Bluff,13
2026-05-06,West County,6,Potosi,13
2026-05-06,Camdenton,1,Rock Bridge,15
2026-05-06,Parkway West,0,Rockwood Summit,7
2026-05-06,Liberal,0,Sarcoxie,15
2026-05-06,Hillsboro,1,Seckman,11
2026-05-06,Battle with Columbia Independent,4,Smith-Cotton,3
2026-05-06,Excelsior Springs,3,Smithville,2
2026-05-06,Winfield,7,St. Charles West,6
2026-05-06,Herculaneum,2,St. Clair,6
2026-05-06,Parkway Central,5,St. Dominic,4
2026-05-06,Lexington,9,St. Paul Lutheran (Concordia),6
2026-05-06,Pembroke Hill,2,St. Pius X (Kansas City),12
2026-05-06,West Plains,3,Strafford,4
2026-05-06,Liberty (Mountain View),8,Thayer,9
2026-05-06,Green Ridge with La Monte,6,Tipton,7
2026-05-06,Liberty (Wentzville),2,Troy Buchanan,3
2026-05-06,Belton,4,Truman,10
2026-05-06,Cardinal Ritter,2,University City,12
2026-05-06,Valle Catholic,4,Valley,0
2026-05-06,Norwood,3,Van Buren,7
2026-05-06,Dixon,10,Versailles,4
2026-05-06,New Haven,1,Vienna,16
2026-05-06,Ash Grove,5,Walnut Grove,6
2026-05-06,Lakeland,8,Walnut Grove,7
2026-05-06,Timberland,2,Washington,5
2026-05-06,Parkway South,4,Westminster Christian Academy,2
2026-05-06,Hillcrest,0,Willard,15
2026-05-06,Duchesne,13,Wright City,5
2026-05-07,Fox,3,Affton,14
2026-05-07,Penney,7,Albany,8
2026-05-07,Thayer,1,Alton,2
2026-05-07,Montrose with Ballard,5,Archie,17
2026-05-07,Skyline,3,Ash Grove,9
2026-05-07,Licking,0,Ava,4
2026-05-07,St. Elizabeth,0,Belle,1
2026-05-07,Sikeston,11,Bernie,9
2026-05-07,Meadville with Linn County,18,Bevier,6
2026-05-07,Savannah,16,Bishop LeBlond,1
2026-05-07,Eugene,2,Blair Oaks,4
2026-05-07,Lee's Summit,4,Blue Springs South,11
2026-05-07,Logan-Rogersville,6,Bolivar,4
2026-05-07,Marshfield,9,Branson,1
2026-05-07,Polo,6,Braymer with Breckenridge,0
2026-05-07,Metro,0,Brentwood,8
2026-05-07,Osage,2,Buffalo,3
2026-05-07,Winona,11,Bunker with Lesterville,5
2026-05-07,Lamar,8,Butler,3
2026-05-07,Paris with Faith Walk,11,Canton,4
2026-05-07,Ste. Genevieve,12,Central (Park Hills),2
2026-05-07,Waynesville,11,Central (Springfield),4
2026-05-07,Bowling Green,18,Clopton,7
2026-05-07,Mark Twain,10,Community,8
2026-05-07,Christian Brothers College,1,De Smet Jesuit,7
2026-05-07,King City with Union Star,15,DeKalb,4
2026-05-07,Saxony Lutheran,12,Delta,1
2026-05-07,Kennett,12,Doniphan,3
2026-05-07,Lakeland,5,Drexel,11
2026-05-07,Center,12,East (Kansas City),1
2026-05-07,Oak Ridge,1,East Prairie,7
2026-05-07,Houston,20,Ellington,7
2026-05-07,Southwest (Washburn),14,Exeter,9
2026-05-07,North County,2,Farmington,4
2026-05-07,Wright City,1,Fatima,2
2026-05-07,Francis Howell Central,10,Francis Howell,11
2026-05-07,Arcadia Valley,9,Fredericktown,3
2026-05-07,Ft. Zumwalt South,1,Ft. Zumwalt East,9
2026-05-07,Moberly,1,Fulton,2
2026-05-07,Gilman City with North Daviess,0,Gallatin,9
2026-05-07,Kickapoo,7,Glendale,2
2026-05-07,Princeton,3,Green City,6
2026-05-07,Lincoln,12,Green Ridge with La Monte,2
2026-05-07,Purdy,13,Greenfield with Golden City,3
2026-05-07,East Carter,6,Greenville,0
2026-05-07,Billings,16,Greenwood,7
2026-05-07,Sturgeon,8,Harrisburg,10
2026-05-07,Clinton,1,Harrisonville,2
2026-05-07,Norwood,1,Hartville,8
2026-05-07,South Callaway,2,Hermann,3
2026-05-07,New Bloomfield,11,Higbee,2
2026-05-07,Windsor (Imperial),8,Hillsboro,6
2026-05-07,Carrollton,6,Holden,7
2026-05-07,Laquey,3,Humansville with Fair Play,4
2026-05-07,Seckman,5,Jackson,6
2026-05-07,McCluer North,22,Jennings,4
2026-05-07,Bismarck,10,Kingston,0
2026-05-07,California,3,Knob Noster,9
2026-05-07,Atlanta,2,Knox County,1
2026-05-07,Clayton,6,Ladue Horton Watkins,10
2026-05-07,St. Joseph Christian,4,Lafayette (St. Joseph),14
2026-05-07,Marquette,7,Lafayette (Wildwood),9
2026-05-07,South Harrison,10,Lathrop,7
2026-05-07,Carthage,4,Lebanon,6
2026-05-07,Sherwood,14,Leeton,4
2026-05-07,Miami (Amoret),0,Liberal,7
2026-05-07,Bakersfield,8,Liberty (Mountain View),5
2026-05-07,Troy Buchanan,1,Liberty (Wentzville),0
2026-05-07,Eureka,8,Lindbergh,1
2026-05-07,MICDS,3,Lutheran North,5
2026-05-07,Hannibal,5,Macon,2
2026-05-07,Gideon,13,Malden,3
2026-05-07,Kirksville,20,Marshall,8
2026-05-07,Hazelwood West,0,Mehlville,15
2026-05-07,Eldon,6,Mexico,12
2026-05-07,Exeter,4,Miller,15
2026-05-07,Clever,6,Monett,10
2026-05-07,Louisiana,9,Monroe City,15
2026-05-07,Hollister,5,Mt. Vernon,9
2026-05-07,Van Buren,7,Naylor,0
2026-05-07,Clarkton,0,Neelyville,11
2026-05-07,Aurora,5,Nevada,6
2026-05-07,Pleasant Hope,6,New Covenant Academy,7
2026-05-07,South Nodaway with Jefferson (Conception),12,North Andrew,7
2026-05-07,St. Clair,4,Northwest (Cedar Hill),6
2026-05-07,John Burroughs,0,Oakville,10
2026-05-07,Holt,11,Orchard Farm,6
2026-05-07,East Buchanan,11,Osborn with Stewartsville,4
2026-05-07,Nixa,4,Ozark,5
2026-05-07,Festus,4,Pacific,5
2026-05-07,South Shelby,0,Palmyra,15
2026-05-07,Joplin,20,Parkview,0
2026-05-07,Parkway West,5,Parkway Central,3
2026-05-07,Pattonville,13,Parkway North,3
2026-05-07,Rockwood Summit,4,Parkway South,14
2026-05-07,Herculaneum,6,Perryville,3
2026-05-07,Westran,6,Pilot Grove,1
2026-05-07,Cuba,9,Plato,7
2026-05-07,Central (Cape Girardeau),3,Poplar Bluff,5
2026-05-07,Valle Catholic,13,Potosi,0
2026-05-07,Fayette,8,Prairie Home with Bunceton,1
2026-05-07,Lutheran South,6,Priory,7
2026-05-07,Fort Osage,6,Raytown,0
2026-05-07,Grandview,6,Raytown South,9
2026-05-07,Cassville,2,Reeds Spring,3
2026-05-07,Fair Grove,3,Republic,5
2026-05-07,Halfway,5,Richland,11
2026-05-07,Twin Rivers,8,Risco,4
2026-05-07,Plattsburg,2,Rock Port,3
2026-05-07,Camdenton,1,Rolla,3
2026-05-07,Cole Camp,1,Sacred Heart,6
2026-05-07,Willow Springs,3,Salem,10
2026-05-07,Clark County,10,Scotland County,5
2026-05-07,Notre Dame (Cape Girardeau),1,Scott City,9
2026-05-07,Missouri Military Academy,4,Silex,14
2026-05-07,Chaminade College Prep,0,SLUH,5
2026-05-07,Hickman,5,Smith-Cotton,12
2026-05-07,Calvary Lutheran,19,Smithton,0
2026-05-07,North Callaway,0,Southern Boone,10
2026-05-07,Spokane,4,Sparta,3
2026-05-07,Seneca,7,Springfield Catholic,8
2026-05-07,Winfield,9,St. Charles West,2
2026-05-07,Linn,13,St. James,0
2026-05-07,Maryville,0,St. Pius X (Kansas City),15
2026-05-07,Crystal City,3,St. Vincent,13
2026-05-07,Crystal City,2,St. Vincent,13
2026-05-07,Lockwood,1,Stockton,11
2026-05-07,Harrisburg,10,Sturgeon,8
2026-05-07,Dixon,3,Sullivan,13
2026-05-07,New Franklin,5,Sweet Springs,4
2026-05-07,North Nodaway,0,"Tarkio with Fairfax, Craig",15
2026-05-07,Washington,3,Timberland,4
2026-05-07,Milan,15,"Tina-Avalon with Hale, Bosworth",9
2026-05-07,St. Francis Borgia,7,Union,8
2026-05-07,West County,10,Valley,0
2026-05-07,Maplewood-Richmond Hts.,2,Valley Park,10
2026-05-07,Bourbon,9,Viburnum,2
2026-05-07,Iberia,1,Vienna,2
2026-05-07,Chadwick,8,Walnut Grove,12
2026-05-07,Boonville,0,Warrensburg,10
2026-05-07,St. Charles,7,Warrenton,10
2026-05-07,St. Charles,3,Warrenton,6
2026-05-07,Neosho,0,Webb City,10
2026-05-07,Montgomery County,19,Wellsville-Middletown,1
2026-05-07,Hillcrest,0,West Plains,3
2026-05-07,Maysville,4,West Platte,9
2026-05-07,Verona,1,Wheaton,11
2026-05-07,Tipton,10,Windsor,2
2026-05-07,St. Charles West,2,Winfield,9
2026-05-07,Clearwater,1,Woodland,11
2026-05-08,Higbee,3,Atlanta,10
2026-05-08,Archie,1,Barstow,7
2026-05-08,Risco,0,Bell City,3
2026-05-08,Cuba,11,Bourbon,0
2026-05-08,Putnam County,2,Brashear with Novinger,5
2026-05-08,Rock Bridge,7,Camdenton,2
2026-05-08,Belle,4,Capital City,1
2026-05-08,Smithville,3,Carthage,2
2026-05-08,Park Hill,2,Central (St. Joseph),8
2026-05-08,Sikeston,1,Chaffee,2
2026-05-08,Jamestown,4,Christian Fellowship Sr.,1
2026-05-08,Caruthersville with Hayti,11,Clarkton,1
2026-05-08,John Burroughs,6,Clayton,5
2026-05-08,Billings,1,Clever,11
2026-05-08,Warsaw,5,Clinton,3
2026-05-08,Blue Eye,7,Crane,0
2026-05-08,Stover,1,Crocker,11
2026-05-08,Kelly,10,Delta,0
2026-05-08,East Newton,2,Diamond,9
2026-05-08,Faith Christian Academy,5,East Buchanan,2
2026-05-08,Fatima,16,Eldon,6
2026-05-08,Wright City,0,Eldon,10
2026-05-08,Meadow Heights,10,Ellington,1
2026-05-08,Northwest (Cedar Hill),0,Eureka,11
2026-05-08,Kearney,4,Excelsior Springs,3
2026-05-08,Lutheran South,5,Festus,6
2026-05-08,Willow Springs,1,Fordland,13
2026-05-08,Liberty (Wentzville),6,Ft. Zumwalt East,12
2026-05-08,Orchard Farm,7,Ft. Zumwalt North,2
2026-05-08,North Callaway,6,Fulton,5
2026-05-08,Holcomb,18,Gideon,2
2026-05-08,Stanberry,1,Gilman City with North Daviess,16
2026-05-08,Exeter,21,Greenfield with Golden City,4
2026-05-08,Wheatland,17,Halfway,11
2026-05-08,Lutheran St. Charles,10,Hancock,0
2026-05-08,Ritenour,19,Hazelwood Central,2
2026-05-08,Bayless,1,Herculaneum,11
2026-05-08,Hollister,6,Hillcrest,1
2026-05-08,Excelsior Springs,3,Kearney,4
2026-05-08,Portageville,0,Kelly,1
2026-05-08,Bernie,5,Kennett,9
2026-05-08,North Harrison,0,King City with Union Star,7
2026-05-08,North Shelby,5,La Plata,2
2026-05-08,Knob Noster,18,Lafayette County,3
2026-05-08,Liberty North,7,Lee's Summit West,5
2026-05-08,South Pemiscot,4,Leopold,5
2026-05-08,Oak Park,0,Liberty,10
2026-05-08,South Iron,7,Liberty (Mountain View),13
2026-05-08,Jasper,12,Lockwood,4
2026-05-08,Sacred Heart,0,Lone Jack,7
2026-05-08,Valley Park,12,Maplewood-Richmond Hts.,1
2026-05-08,Buffalo,0,Marion C. Early,5
2026-05-08,Madison,8,Marion County,9
2026-05-08,Mt. Vernon,4,Marionville,3
2026-05-08,Plattsburg,1,Maryville,10
2026-05-08,Cameron,1,Maysville,8
2026-05-08,Parkway North,17,McCluer North,2
2026-05-08,Fatima,4,Mexico,16
2026-05-08,Wright City,3,Mexico,11
2026-05-08,Lutheran North,0,MICDS,2
2026-05-08,Savannah,8,Mid-Buchanan,6
2026-05-08,Adrian,7,Midway,8
2026-05-08,North Callaway,1,Moberly,9
2026-05-08,Winfield,6,Montgomery County,10
2026-05-08,Lebanon,4,Nixa,8
2026-05-08,Holt,2,North Point,8
2026-05-08,Brookfield,7,"Northwestern (Mendon) with Brunswick, Keytesville",8
2026-05-08,Conway,5,Norwood,1
2026-05-08,Cooter,2,Notre Dame (Cape Girardeau),12
2026-05-08,Northland Christian,11,Oak Grove,7
2026-05-08,St. Michael the Archangel,13,Odessa,5
2026-05-08,Dixon,5,Owensville,2
2026-05-08,Elsberry,1,Paris with Faith Walk,2
2026-05-08,North Kansas City,0,Park Hill South,14
2026-05-08,Seymour,1,Parkview,0
2026-05-08,Ft. Zumwalt West,2,Parkway Central,1
2026-05-08,Washington,2,Parkway South,7
2026-05-08,Ladue Horton Watkins,4,Parkway West,5
2026-05-08,St. Charles West,1,Pattonville,2
2026-05-08,Summit Christian Academy,17,Pembroke Hill,3
2026-05-08,Southwest (Washburn),2,Pierce City,10
2026-05-08,Fort Osage,0,Platte County,3
2026-05-08,Logan-Rogersville,12,Pleasant Hill,3
2026-05-08,Dadeville,3,Pleasant Hope,2
2026-05-08,Miller,0,Purdy,3
2026-05-08,Lee's Summit North,2,Raymore-Peculiar,1
2026-05-08,Oakville,2,Rockwood Summit,4
2026-05-08,Northeast (Cairo),2,Schuyler County,4
2026-05-08,Seckman,2,SLUH,6
2026-05-08,Climax Springs,18,Smithton,0
2026-05-08,Rock Port,14,South Holt,0
2026-05-08,Fulton,6,Southern Boone,11
2026-05-08,Moberly,3,Southern Boone,5
2026-05-08,Francis Howell North,14,St. Charles,2
2026-05-08,Blue Springs,2,Staley,12
2026-05-08,Weaubleau,0,Strafford,12
2026-05-08,DeKalb,2,"Tarkio with Fairfax, Craig",9
2026-05-08,Summersville,12,Thayer,17
2026-05-08,Senath-Hornersville,1,Twin Rivers,2
2026-05-08,Lincoln College Prep,10,Van Horn,0
2026-05-08,Monroe City,14,Van-Far,4
2026-05-08,St. Dominic,4,Webster Groves,1
2026-05-08,Lawson,12,Wellington-Napoleon,11
2026-05-08,Maryville,3,West Nodaway with Nodaway-Holt,20
2026-05-08,Marquette,5,Westminster Christian Academy,1
2026-05-08,Truman,18,William Chrisman,0
2026-05-08,Hillsboro,8,Windsor (Imperial),2
2026-05-09,Lone Jack,15,Adrian,9
2026-05-09,Sherwood,19,Adrian,11
2026-05-09,Ash Grove,4,Ava,6
2026-05-09,Platte County,3,Benton,1
2026-05-09,Arcadia Valley,15,Bismarck,1
2026-05-09,Lamar,0,Carthage,5
2026-05-09,Springfield Catholic,11,Central (Cape Girardeau),5
2026-05-09,Lafayette (St. Joseph),13,Chillicothe,11
2026-05-09,Kickapoo,5,Christian Brothers College,2
2026-05-09,Rock Bridge,2,Christian Brothers College,12
2026-05-09,Crocker,7,Cole Camp,1
2026-05-09,Hollister,12,Conway,2
2026-05-09,Wheatland,1,Conway,8
2026-05-09,Jackson,1,De Smet Jesuit,3
2026-05-09,Iberia,3,Dixon,4
2026-05-09,Valle Catholic,7,Farmington,3
2026-05-09,Battle with Columbia Independent,7,Father Tolton,6
2026-05-09,New Covenant Academy,4,Forsyth,13
2026-05-09,SLUH,9,Francis Howell,4
2026-05-09,Eureka,12,Francis Howell Central,3
2026-05-09,Parkway South,13,Francis Howell North,5
2026-05-09,Eldon,6,Fulton,5
2026-05-09,Lee's Summit West,13,Grain Valley,4
2026-05-09,Linn,12,Hallsville,5
2026-05-09,Linn,4,Hallsville,4
2026-05-09,Marceline,13,Highland,3
2026-05-09,Wheatland,0,Hollister,14
2026-05-09,Marshfield,7,Joplin,5
2026-05-09,Smithville,1,Joplin,2
2026-05-09,Rock Bridge,2,Kickapoo,6
2026-05-09,Chillicothe,2,Kirksville,13
2026-05-09,Lafayette (St. Joseph),3,Kirksville,7
2026-05-09,St. Paul Lutheran (Concordia),13,Lawson,0
2026-05-09,Northland Christian,11,Lawson,1
2026-05-09,Camdenton,1,Lebanon,7
2026-05-09,Logan-Rogersville,1,Lee's Summit,12
2026-05-09,Park Hill,0,Lee's Summit,4
2026-05-09,Platte County,2,Liberty,4
2026-05-09,Benton,3,Liberty,13
2026-05-09,Park Hill,3,Logan-Rogersville,5
2026-05-09,Sherwood,6,Lone Jack,8
2026-05-09,Smithville,11,Marshfield,7
2026-05-09,Faith Christian Academy,4,Maryville,0
2026-05-09,Southern Boone,7,Mexico,4
2026-05-09,Fatima,4,Moberly,3
2026-05-09,Wright City,11,North Callaway,5
2026-05-09,Potosi,7,North County,3
2026-05-09,Lawson,1,Northland Christian,11
2026-05-09,St. Paul Lutheran (Concordia),3,Northland Christian,7
2026-05-09,Cole Camp,9,Osage,10
2026-05-09,Crocker,13,Osage,0
2026-05-09,Highland,0,Palmyra,16
2026-05-09,Marceline,9,Palmyra,14
2026-05-09,Rockwood Summit,11,Parkway West,3
2026-05-09,Benton,1,Platte County,3
2026-05-09,East Carter,0,Poplar Bluff,10
2026-05-09,Parkway West,3,Rockwood Summit,11
2026-05-09,Central (Cape Girardeau),6,Rolla,7
2026-05-09,Springfield Catholic,0,Rolla,2
2026-05-09,Clearwater,0,Senath-Hornersville,10
2026-05-09,Clearwater,3,Senath-Hornersville,13
2026-05-09,Mexico,4,Southern Boone,7
2026-05-09,St. Charles West,7,St. Dominic,8
2026-05-09,St. Charles West,3,St. Dominic,2
2026-05-09,Northland Christian,7,St. Paul Lutheran (Concordia),3
2026-05-09,West County,11,Ste. Genevieve,6
2026-05-09,Forsyth,2,Stockton,8
2026-05-09,New Covenant Academy,1,Stockton,15
2026-05-09,Warrenton,3,Troy Buchanan,4
2026-05-09,Warrenton,3,Troy Buchanan,7
2026-05-09,Fort Osage,2,Truman,4
2026-05-09,Westminster Christian Academy,7,Vianney,3
2026-05-09,Westminster Christian Academy,3,Vianney,10
2026-05-09,Pembroke Hill,4,Warrensburg,19
2026-05-09,Pleasant Hill,1,Winnetonka,2
2026-05-11,Clinton,9,Adrian,7
2026-05-11,Jasper,4,Ash Grove,16
2026-05-11,Brashear with Novinger,12,Atlanta,13
2026-05-11,Central (Springfield),1,Ava,11
2026-05-11,Norwood,12,Bakersfield,13
2026-05-11,Vienna,4,Belle,5
2026-05-11,Grain Valley,16,Belton,1
2026-05-11,Albany,3,Bishop LeBlond,0
2026-05-11,East Prairie,10,Bloomfield,0
2026-05-11,Cassville,14,Blue Eye,1
2026-05-11,Blue Springs South,4,Blue Springs,0
2026-05-11,Warsaw,5,Bolivar,6
2026-05-11,Nixa,3,Branson,1
2026-05-11,Hancock,2,Brentwood,12
2026-05-11,Liberty (Mountain View),12,Cabool,0
2026-05-11,Benton,10,Cameron,0
2026-05-11,Clarkton,6,Campbell,13
2026-05-11,Hillcrest,0,Carl Junction,10
2026-05-11,Knob Noster,3,Carrollton,12
2026-05-11,Aurora,7,Carthage,17
2026-05-11,Twin Rivers,2,Caruthersville with Hayti,5
2026-05-11,Park Hill South,2,Central (St. Joseph),1
2026-05-11,Buffalo,12,Chadwick,0
2026-05-11,Alton,6,Chaminade College Prep,5
2026-05-11,Gideon,13,Charleston,20
2026-05-11,Lutheran St. Charles,0,Christian Brothers College,10
2026-05-11,MICDS,1,Clayton,0
2026-05-11,Winona,0,Clearwater,10
2026-05-11,Stover,6,Climax Springs,3
2026-05-11,Higbee,3,Community,13
2026-05-11,Mansfield,4,Conway,6
2026-05-11,Neelyville,8,Cooter,0
2026-05-11,Walnut Grove,6,Crane,5
2026-05-11,Lincoln,8,Crest Ridge,0
2026-05-11,Weaubleau,5,Dadeville,22
2026-05-11,Farmington,9,Dexter,3
2026-05-11,New Heights Christian,0,Diamond,11
2026-05-11,Osage,7,Dixon,9
2026-05-11,St. Dominic,0,Duchesne,1
2026-05-11,Northland Christian,15,East Buchanan,0
2026-05-11,Sikeston,0,East Carter,2
2026-05-11,Iberia,5,Eldon,2
2026-05-11,Montgomery County,4,Elsberry,2
2026-05-11,Wright City,11,Elsberry,5
2026-05-11,Christian Fellowship Sr.,2,Eugene,10
2026-05-11,Winnetonka,9,Excelsior Springs,2
2026-05-11,Wheaton,8,Exeter,3
2026-05-11,DeSoto,3,Festus,11
2026-05-11,El Dorado Springs,2,Forsyth,3
2026-05-11,Mehlville,12,Fox,6
2026-05-11,Parkway South,4,Francis Howell,5
2026-05-11,Timberland,3,Francis Howell Central,11
2026-05-11,St. Charles West,1,Francis Howell North,7
2026-05-11,Ladue Horton Watkins,8,Ft. Zumwalt North,11
2026-05-11,St. Charles,3,Ft. Zumwalt South,5
2026-05-11,Alton,2,Gainesville,7
2026-05-11,Fordland,2,Gainesville,6
2026-05-11,South Holt,5,Gallatin,9
2026-05-11,Milan,11,Green City,7
2026-05-11,Doniphan,2,Greenville,4
2026-05-11,Sarcoxie,8,Greenwood,2
2026-05-11,Hermitage,4,Halfway,5
2026-05-11,Centralia,8,Hallsville,1
2026-05-11,Jefferson City,10,Helias Catholic,0
2026-05-11,Wellsville-Middletown,6,Hermann,7
2026-05-11,Canton,4,Highland,3
2026-05-11,Naylor,0,Holcomb,11
2026-05-11,Fair Grove,2,Hollister,7
2026-05-11,Wheatland,20,Humansville with Fair Play,0
2026-05-11,Slater,2,Jamestown,9
2026-05-11,Nevada,4,Joplin,9
2026-05-11,Scott County Central,1,Kelly,19
2026-05-11,Appleton City,5,Kingsville,15
2026-05-11,St. Pius X (Kansas City),16,Lafayette (St. Joseph),2
2026-05-11,Sherwood,11,Lakeland,6
2026-05-11,Faith Christian Academy,3,Lathrop,4
2026-05-11,Camdenton,1,Lebanon,7
2026-05-11,Lee's Summit North,2,Lee's Summit,5
2026-05-11,Raymore-Peculiar,15,Lee's Summit West,1
2026-05-11,Plattsburg,6,Lexington,0
2026-05-11,Lamar,17,Liberal,0
2026-05-11,Cabool,0,Liberty (Mountain View),12
2026-05-11,Staley,7,Liberty North,12
2026-05-11,Russellville,2,Linn,1
2026-05-11,Lafayette County,11,Lone Jack,12
2026-05-11,Metro,1,Lutheran North,12
2026-05-11,Webster Groves,10,Lutheran South,4
2026-05-11,Miller Career Academy,0,Maplewood-Richmond Hts.,15
2026-05-11,Brookfield,3,Marceline,13
2026-05-11,New Covenant Academy,12,Marion C. Early,1
2026-05-11,Spokane,0,Marionville,1
2026-05-11,Louisiana,6,Mark Twain,16
2026-05-11,Ft. Zumwalt West,3,Marquette,4
2026-05-11,Mexico,12,Marshall,3
2026-05-11,Mt. Vernon,3,Marshfield,5
2026-05-11,Rock Port,13,Maysville,7
2026-05-11,University City,13,McCluer North,0
2026-05-11,Advance,13,Meadow Heights,7
2026-05-11,Marion County,3,Missouri Military Academy,13
2026-05-11,Smithton,0,New Bloomfield,13
2026-05-11,Harrisburg,0,New Franklin,9
2026-05-11,Hurley,16,Niangua,1
2026-05-11,Princeton,5,North Andrew,0
2026-05-11,Arcadia Valley,0,North County,12
2026-05-11,Liberty,17,North Kansas City,0
2026-05-11,Liberty (Wentzville),0,North Point,4
2026-05-11,Bevier,0,North Shelby,16
2026-05-11,Westran,11,Northeast (Cairo),6
2026-05-11,East (Kansas City),15,Northeast (Kansas City),1
2026-05-11,West Nodaway with Nodaway-Holt,10,Northeast Nodaway with Worth County,9
2026-05-11,Affton,11,Northwest (Cedar Hill),6
2026-05-11,Pilot Grove,13,Northwest (Hughesville),4
2026-05-11,Santa Fe with Norborne,0,"Northwestern (Mendon) with Brunswick, Keytesville",5
2026-05-11,Bernie,0,Notre Dame (Cape Girardeau),15
2026-05-11,West County,4,Oak Ridge,0
2026-05-11,Oak Grove,12,Odessa,1
2026-05-11,Bell City,2,Oran,0
2026-05-11,Concordia,13,Otterville,3
2026-05-11,Steelville,2,Owensville,12
2026-05-11,Windsor (Imperial),1,Pacific,3
2026-05-11,Clopton,0,Palmyra,10
2026-05-11,La Plata,10,Paris with Faith Walk,15
2026-05-11,Oak Park,2,Park Hill,4
2026-05-11,Lindbergh,6,Parkway Central,0
2026-05-11,Kirkwood,3,Parkway West,2
2026-05-11,Lafayette (Wildwood),8,Pattonville,2
2026-05-11,Van Horn,0,Pembroke Hill,15
2026-05-11,Woodland,2,Perryville,7
2026-05-11,Billings,8,Pleasant Hope,18
2026-05-11,Gilman City with North Daviess,3,Polo,7
2026-05-11,Poplar Bluff,5,Portageville,6
2026-05-11,South Pemiscot,3,Portageville,9
2026-05-11,Central (Park Hills),5,Principia with Whitfield,3
2026-05-11,Miller,4,Purdy,9
2026-05-11,William Chrisman,5,Raytown,2
2026-05-11,Smithville,19,Raytown South,1
2026-05-11,Parkview,6,Reeds Spring,7
2026-05-11,Holden,7,Richmond,5
2026-05-11,Hazelwood West,13,Ritenour,10
2026-05-11,Fort Osage,19,Ruskin,1
2026-05-11,Chillicothe,10,Savannah,8
2026-05-11,Chaffee,10,Saxony Lutheran,5
2026-05-11,Putnam County,12,Scotland County,11
2026-05-11,Central (New Madrid County),0,Scott City,15
2026-05-11,Puxico,6,Senath-Hornersville,12
2026-05-11,Sparta,4,Seymour,3
2026-05-11,New Haven,0,Silex,10
2026-05-11,Fulton,1,South Callaway,3
2026-05-11,Salisbury,19,South Shelby,0
2026-05-11,Glendale,6,Springfield Catholic,10
2026-05-11,SLUH,3,St. Francis Borgia,0
2026-05-11,Leopold,0,St. Vincent,4
2026-05-11,Hazelwood East,2,STEAM Academy,17
2026-05-11,Skyline,10,Stockton,2
2026-05-11,Salem,3,Stoutland,6
2026-05-11,Van Buren,11,Summersville,6
2026-05-11,St. Michael the Archangel,4,Summit Christian Academy,14
2026-05-11,North Platte,12,"Tarkio with Fairfax, Craig",8
2026-05-11,Houston,14,Thayer,7
2026-05-11,St. Paul Lutheran (Concordia),6,Tipton,11
2026-05-11,"Newtown-Harris with Grundy County, Tri-County",0,Trenton,14
2026-05-11,Platte County,8,Truman,0
2026-05-11,Barstow,8,University Academy Charter with Ewing Marion Kauffman,4
2026-05-11,Jefferson (Festus),6,Valle Catholic,3
2026-05-11,South Iron,11,Valley,5
2026-05-11,Herculaneum,3,Valley Park,9
2026-05-11,Father Tolton,7,Veritas Christian Academy,8
2026-05-11,Southwest (Washburn),14,Verona,2
2026-05-11,Cole Camp,4,Versailles,3
2026-05-11,Union,4,Vianney,7
2026-05-11,Bunker with Lesterville,20,Viburnum,8
2026-05-11,Sullivan,0,Washington,7
2026-05-11,Dadeville,22,Weaubleau,5
2026-05-11,Monett,3,Webb City,13
2026-05-11,St. Pius X (Festus),4,Westminster Christian Academy,5
2026-05-12,Windsor,1,Appleton City,0
2026-05-12,Butler,1,Archie,2
2026-05-12,Lawson,7,Benton,8
2026-05-12,Clarkton,0,Bernie,13
2026-05-12,New Covenant Academy,1,Billings,7
2026-05-12,Hallsville,2,Blair Oaks,17
2026-05-12,Carl Junction,6,Bolivar,0
2026-05-12,Fulton,0,Boonville,1
2026-05-12,St. James,10,Bourbon,1
2026-05-12,Schuyler County,11,Brashear with Novinger,0
2026-05-12,Gateway with Soldan International Studies,1,Brentwood,16
2026-05-12,Battle with Columbia Independent,16,Camdenton,3
2026-05-12,Neelyville,3,Campbell,1
2026-05-12,Sweet Springs,7,Carrollton,13
2026-05-12,Notre Dame (Cape Girardeau),2,Central (Cape Girardeau),3
2026-05-12,Portageville,6,Chaffee,4
2026-05-12,Bell City,18,Charleston,3
2026-05-12,Canton,5,Clark County,10
2026-05-12,Glasgow,4,Community,12
2026-05-12,Kingsville,9,Concordia,12
2026-05-12,Buffalo,2,Conway,15
2026-05-12,Greenwood,14,Crane,4
2026-05-12,Iberia,4,Crocker,8
2026-05-12,Owensville,7,Cuba,5
2026-05-12,Malden,15,Delta (Deering),7
2026-05-12,Festus,4,DeSoto,1
2026-05-12,Vienna,8,Dixon,10
2026-05-12,Ruskin,3,East (Kansas City),13
2026-05-12,Liberty (Mountain View),18,Ellington,3
2026-05-12,Versailles,4,Eugene,12
2026-05-12,Mountain Grove,1,Fair Grove,7
2026-05-12,Ft. Zumwalt East,13,Francis Howell North,2
2026-05-12,Delta,11,Gideon,4
2026-05-12,Lebanon,3,Glendale,11
2026-05-12,Stockton,14,Greenfield with Golden City,5
2026-05-12,Highland,2,Hannibal,15
2026-05-12,STEAM Academy,0,Hazelwood West,15
2026-05-12,Marquette,8,Hillsboro,5
2026-05-12,Blue Eye,3,Hollister,13
2026-05-12,Ft. Zumwalt South,6,Holt,7
2026-05-12,Mansfield,1,Houston,2
2026-05-12,Osceola,11,Humansville with Fair Play,5
2026-05-12,Exeter,6,Hurley,5
2026-05-12,Christian Brothers College,5,Jackson,15
2026-05-12,Bayless,0,Jefferson (Festus),10
2026-05-12,Helias Catholic,8,Jefferson City,12
2026-05-12,Webb City,1,Joplin,0
2026-05-12,Central (Springfield),1,Kickapoo,20
2026-05-12,Osborn with Stewartsville,2,King City with Union Star,12
2026-05-12,Green City,2,Kirksville,12
2026-05-12,SLUH,7,Kirkwood,0
2026-05-12,Harrisonville,15,Knob Noster,1
2026-05-12,La Plata,7,Knox County,1
2026-05-12,Francis Howell,11,Lafayette (Wildwood),14
2026-05-12,Santa Fe with Norborne,8,Lafayette County,5
2026-05-12,Warsaw,13,Lakeland,0
2026-05-12,Monett,5,Lamar,7
2026-05-12,Osage,20,Laquey,1
2026-05-12,Cameron,13,Lathrop,10
2026-05-12,Ste. Genevieve,8,Leopold,1
2026-05-12,Crest Ridge,0,Lexington,3
2026-05-12,Drexel,3,Liberal,13
2026-05-12,Liberty North,2,Liberty,4
2026-05-12,St. Charles,4,Liberty (Wentzville),12
2026-05-12,St. Elizabeth,1,Licking,0
2026-05-12,Northwest (Cedar Hill),8,Lindbergh,18
2026-05-12,New Bloomfield,3,Linn,7
2026-05-12,Green Ridge with La Monte,11,Lutheran (Kansas City),8
2026-05-12,Father Tolton,2,Lutheran St. Charles,3
2026-05-12,Dadeville,10,Macks Creek,0
2026-05-12,South Shelby,0,Macon,12
2026-05-12,Logan-Rogersville,4,Marshfield,6
2026-05-12,Bishop LeBlond,2,Maryville,12
2026-05-12,Hillcrest,7,McDonald County,3
2026-05-12,Kelly,5,Meadow Heights,0
2026-05-12,Parkway North,0,Mehlville,15
2026-05-12,Lutheran South,5,MICDS,6
2026-05-12,Marshall,0,Moberly,6
2026-05-12,New Haven,0,Montgomery County,13
2026-05-12,Purdy,12,Mt. Vernon,0
2026-05-12,Summersville,25,Niangua,10
2026-05-12,Forsyth,5,Nixa,11
2026-05-12,Valle Catholic,7,North County,10
2026-05-12,Orchard Farm,5,North Point,7
2026-05-12,Wellington-Napoleon,0,Northland Christian,4
2026-05-12,Meadville with Linn County,2,"Northwestern (Mendon) with Brunswick, Keytesville",8
2026-05-12,Ava,0,Norwood,1
2026-05-12,North Platte,7,Oak Grove,11
2026-05-12,Woodland,0,Oran,10
2026-05-12,Parkway South,13,Parkway West,3
2026-05-12,Reeds Spring,8,Pierce City,11
2026-05-12,Fayette,7,Pilot Grove,6
2026-05-12,St. Joseph Christian,4,Plattsburg,14
2026-05-12,Excelsior Springs,4,Pleasant Hill,9
2026-05-12,Arcadia Valley,1,Potosi,14
2026-05-12,Brookfield,16,Princeton,5
2026-05-12,Westminster Christian Academy,11,Principia with Whitfield,6
2026-05-12,Odessa,5,Raytown South,1
2026-05-12,Parkview,0,Republic,15
2026-05-12,Lone Jack,4,Richmond,14
2026-05-12,East Prairie,2,Risco,3
2026-05-12,Affton,11,Ritenour,0
2026-05-12,Hickman,2,Rock Bridge,7
2026-05-12,Fatima,9,Russellville,0
2026-05-12,Westran,8,Salisbury,11
2026-05-12,Wheaton,0,Sarcoxie,15
2026-05-12,Lafayette (St. Joseph),7,Savannah,10
2026-05-12,Cooter,5,Scott City,16
2026-05-12,De Smet Jesuit,7,Seckman,3
2026-05-12,El Dorado Springs,2,Seneca,12
2026-05-12,Skyline,20,Seymour,8
2026-05-12,Madison,0,Slater,15
2026-05-12,Ft. Zumwalt West,5,SLUH,4
2026-05-12,Capital City,0,Smith-Cotton,11
2026-05-12,Kennett,12,South Pemiscot,5
2026-05-12,California,1,Southern Boone,11
2026-05-12,Hartville,10,Sparta,9
2026-05-12,Galena,10,Spokane,5
2026-05-12,Verona,0,Spokane,17
2026-05-12,Washington,2,St. Charles West,12
2026-05-12,Summit Christian Academy,21,St. Michael the Archangel,5
2026-05-12,Sacred Heart,2,St. Paul Lutheran (Concordia),7
2026-05-12,Farmington,16,St. Pius X (Festus),8
2026-05-12,Richland,8,Stoutland,9
2026-05-12,Hermitage,17,Stover,10
2026-05-12,Aurora,9,Strafford,8
2026-05-12,Pacific,14,Sullivan,3
2026-05-12,Lincoln,3,Tipton,11
2026-05-12,Timberland,4,Troy Buchanan,0
2026-05-12,Advance,10,Twin Rivers,3
2026-05-12,Pembroke Hill,10,Van Horn,0
2026-05-12,Bowling Green,3,Warrenton,5
2026-05-12,Ozark,16,Waynesville,0
2026-05-12,Marion C. Early,15,Weaubleau,0
2026-05-12,Vianney,11,Webster Groves,0
2026-05-12,Sturgeon,11,Wellsville-Middletown,1
2026-05-12,Fredericktown,6,West County,8
2026-05-12,Branson,0,West Plains,9
2026-05-12,South Nodaway with Jefferson (Conception),0,West Platte,15
2026-05-12,Carthage,0,Willard,6
2026-05-12,Cabool,5,Willow Springs,15
2026-05-12,Central (Park Hills),2,Windsor (Imperial),3
2026-05-13,South Iron,12,Bismarck,2
2026-05-13,Valley,16,Viburnum,1
2026-05-13,Sherwood,2,Green Ridge with La Monte,3
2026-05-13,Sacred Heart,15,Smithton,0
2026-05-13,Northeast Nodaway with Worth County,11,"Tarkio with Fairfax, Craig",10
2026-05-13,Gallatin,13,Penney,3
2026-05-13,Hancock,22,Miller Career Academy,2
2026-05-13,Missouri Military Academy,0,Hermann,10
2026-05-13,Harrisonville,9,Adrian,7
2026-05-13,Oakville,13,Affton,2
2026-05-13,University Academy Charter with Ewing Marion Kauffman,1,Barstow,16
2026-05-13,Camdenton,0,Battle with Columbia Independent,10
2026-05-13,Maplewood-Richmond Hts.,3,Bayless,13
2026-05-13,Ruskin,1,Belton,16
2026-05-13,Ruskin,0,Belton,18
2026-05-13,Caruthersville with Hayti,4,Bernie,10
2026-05-13,Gateway Science Charter,9,Bishop DuBourg,12
2026-05-13,Jefferson City,5,Blair Oaks,3
2026-05-13,Liberty North,23,Blue Springs,7
2026-05-13,Lee's Summit North,7,Blue Springs South,8
2026-05-13,West Plains,0,Branson,2
2026-05-13,Plato,5,Cabool,6
2026-05-13,Cooter,12,Campbell,2
2026-05-13,Smith-Cotton,1,Capital City,4
2026-05-13,Bolivar,3,Carl Junction,4
2026-05-13,Lafayette (St. Joseph),13,Carrollton,23
2026-05-13,Hollister,0,Carthage,6
2026-05-13,Duchesne,8,Clayton,2
2026-05-13,Center,7,Clinton,8
2026-05-13,Webster Groves,7,De Smet Jesuit,8
2026-05-13,Ste. Genevieve,11,DeSoto,1
2026-05-13,Alton,1,Fordland,4
2026-05-13,Truman,2,Fort Osage,3
2026-05-13,Parkway West,0,Francis Howell North,7
2026-05-13,Herculaneum,18,Fredericktown,0
2026-05-13,Francis Howell Central,12,Ft. Zumwalt East,9
2026-05-13,Macon,2,Fulton,8
2026-05-13,Norwood,3,Gainesville,13
2026-05-13,Hillcrest,1,Glendale,10
2026-05-13,William Chrisman,1,Grain Valley,8
2026-05-13,Excelsior Springs,6,Grandview,2
2026-05-13,Jefferson (Festus),23,Grandview (Hillsboro),5
2026-05-13,McCluer North,16,Hazelwood Central,7
2026-05-13,Fredericktown,0,Herculaneum,18
2026-05-13,Rock Bridge,0,Hickman,4
2026-05-13,Lafayette (Wildwood),15,Holt,0
2026-05-13,New Franklin,4,Jamestown,2
2026-05-13,STEAM Academy,18,Jennings,10
2026-05-13,Chaminade College Prep,11,John Burroughs,1
2026-05-13,Jackson,9,Kennett,5
2026-05-13,Eureka,6,Kirkwood,0
2026-05-13,Pattonville,0,Ladue Horton Watkins,7
2026-05-13,Crocker,20,Laquey,1
2026-05-13,Macks Creek,23,Laquey,20
2026-05-13,Lee's Summit,8,Lee's Summit West,9
2026-05-13,Central (St. Joseph),0,Liberty,7
2026-05-13,Washington,3,Liberty (Wentzville),2
2026-05-13,Fox,6,Lindbergh,4
2026-05-13,MICDS,2,Lutheran South,3
2026-05-13,Clever,5,Marion C. Early,1
2026-05-13,Rock Port,7,Mid-Buchanan,13
2026-05-13,Neosho,2,Nixa,6
2026-05-13,Warrensburg,2,Northwest (Hughesville),5
2026-05-13,North Kansas City,3,Oak Park,8
2026-05-13,Hazelwood West,3,Orchard Farm,13
2026-05-13,Kirksville,7,Palmyra,17
2026-05-13,Park Hill,1,Park Hill South,2
2026-05-13,Buffalo,12,Parkview,6
2026-05-13,St. Francis Borgia,5,Parkway Central,3
2026-05-13,Mehlville,15,Parkway North,1
2026-05-13,Raytown,0,Platte County,11
2026-05-13,Lebanon,0,Republic,6
2026-05-13,Mid-Buchanan,13,Rock Port,7
2026-05-13,Odessa,2,Rockhurst,12
2026-05-13,SLUH,6,Rockwood Summit,7
2026-05-13,Marquette,1,Seckman,5
2026-05-13,North County,2,Sikeston,6
2026-05-13,Kearney,2,Smithville,3
2026-05-13,Maryville,4,South Holt,8
2026-05-13,Ozark,7,Springfield Catholic,5
2026-05-13,Ft. Zumwalt North,18,St. Charles,0
2026-05-13,Vianney,4,St. Dominic,1
2026-05-13,Raymore-Peculiar,0,Staley,15
2026-05-13,Pacific,15,Timberland,8
2026-05-13,Russellville,7,Tipton,3
2026-05-13,Kickapoo,5,Waynesville,0
2026-05-13,Valle Catholic,16,West County,4
2026-05-13,Montrose with Ballard,0,Wheatland,11
2026-05-13,Silex,9,Winfield,3
2026-05-13,Raytown South,0,Winnetonka,8
2026-05-14,Risco,12,Clarkton,5
2026-05-14,South Pemiscot,16,Delta (Deering),3
2026-05-14,Naylor,6,Gideon,4
2026-05-14,Leopold,7,Delta,6
2026-05-14,Bell City,15,Scott County Central,0
2026-05-14,Madison,4,Wellsville-Middletown,5
2026-05-14,New Haven,4,Marion County,1
2026-05-14,Bevier,7,Green City,6
2026-05-14,La Plata,15,Bucklin with Macon County,0
2026-05-14,Christian Fellowship Sr.,3,Prairie Home with Bunceton,13
2026-05-14,Northeast (Cairo),4,Higbee,3
2026-05-14,Pilot Grove,5,Otterville,1
2026-05-14,Sweet Springs,5,Glasgow,0
2026-05-14,Exeter,11,Hurley,0
2026-05-14,Wheaton,15,Verona,0
2026-05-14,Halfway,6,Lockwood,5
2026-05-14,Dadeville,6,Weaubleau,0
2026-05-14,Walnut Grove,3,Hermitage,6
2026-05-14,Kingsville,9,Lutheran (Kansas City),1
2026-05-14,Concordia,6,Drexel,1
2026-05-14,Osborn with Stewartsville,2,Pattonsburg with Winston,1
2026-05-14,Braymer with Breckenridge,3,"Tina-Avalon with Hale, Bosworth",0
2026-05-14,Princeton,10,"Newtown-Harris with Grundy County, Tri-County",0
2026-05-14,Albany,14,Stanberry,3
2026-05-14,Puxico,6,Charleston,0
2026-05-14,Bernie,15,Bloomfield,0
2026-05-14,Brentwood,16,Crystal City,1
2026-05-14,Meadow Heights,11,Bishop DuBourg,1
2026-05-14,Iberia,1,Linn,3
2026-05-14,Eugene,13,Harrisburg,3
2026-05-14,Richland,7,Plato,2
2026-05-14,Mansfield,18,Laquey,3
2026-05-14,Blue Eye,2,Greenwood,5
2026-05-14,New Covenant Academy,11,Crane,1
2026-05-14,New Heights Christian,4,Marionville,3
2026-05-14,Jasper,6,Greenfield with Golden City,3
2026-05-14,Midway,6,Crest Ridge,5
2026-05-14,Barstow,11,Santa Fe with Norborne,1
2026-05-14,Bishop LeBlond,5,St. Joseph Christian,4
2026-05-14,North Platte,9,Polo,2
2026-05-14,Twin Rivers,12,Central (New Madrid County),2
2026-05-14,Woodland,5,Clearwater,0
2026-05-14,Kingston,8,Grandview (Hillsboro),9
2026-05-14,Valley Park,15,Hancock,0
2026-05-14,Lutheran North,14,Priory,12
2026-05-14,Elsberry,3,Mark Twain,1
2026-05-14,Cuba,10,Bourbon,0
2026-05-14,Dixon,6,Steelville,0
2026-05-14,Versailles,15,Stover,0
2026-05-14,Cameron,5,Lathrop,6
2026-05-14,East Buchanan,14,South Harrison,0
2026-05-14,Salem,5,St. James,7
2026-05-14,STEAM Academy,0,Jennings,7
2026-05-14,Winona,0,Alton,15
2026-05-14,Strafford,4,Ava,5
2026-05-14,Thayer,11,Bakersfield,5
2026-05-14,Parkview,2,Branson,17
2026-05-14,New Bloomfield,3,Calvary Lutheran,1
2026-05-14,Waynesville,1,Capital City,2
2026-05-14,Joplin,3,Carl Junction,4
2026-05-14,Conway,18,Central (Springfield),1
2026-05-14,Plattsburg,12,DeKalb,1
2026-05-14,Hallsville,3,Eldon,1
2026-05-14,Lindbergh,15,Festus,5
2026-05-14,Raymore-Peculiar,5,Fort Osage,6
2026-05-14,Hazelwood Central,15,Hazelwood East,1
2026-05-14,West Plains,13,Hillcrest,3
2026-05-14,Potosi,6,Hillsboro,4
2026-05-14,Campbell,3,Holcomb,17
2026-05-14,Rolla,1,Jackson,0
2026-05-14,Lebanon,3,Jefferson City,5
2026-05-14,Grandview,0,Kearney,15
2026-05-14,Willard,2,Kickapoo,3
2026-05-14,St. Charles West,4,Kirkwood,5
2026-05-14,Oak Grove,16,Knob Noster,6
2026-05-14,Holt,3,Liberty (Wentzville),11
2026-05-14,Summit Christian Academy,2,Lincoln College Prep,3
2026-05-14,Marshfield,4,Logan-Rogersville,5
2026-05-14,Boonville,8,Marshall,1
2026-05-14,Moberly,2,Mexico,3
2026-05-14,Westminster Christian Academy,7,MICDS,6
2026-05-14,Francis Howell,7,North Point,4
2026-05-14,Perryville,3,Oak Ridge,0
2026-05-14,Christian Brothers College,8,Oakville,1
2026-05-14,Webster Groves,4,Parkway South,7
2026-05-14,Ladue Horton Watkins,7,Pattonville,4
2026-05-14,Parkway North,1,Pattonville,11
2026-05-14,Van Horn,6,Raytown,2
2026-05-14,De Smet Jesuit,2,Rockwood Summit,5
2026-05-14,Raytown South,19,Ruskin,2
2026-05-14,Benton,2,Savannah,8
2026-05-14,Farmington,2,Seckman,6
2026-05-14,Parkway West,2,SLUH,7
2026-05-14,William Chrisman,2,Smithville,13
2026-05-14,Father Tolton,0,Southern Boone,1
2026-05-14,Republic,1,Springfield Catholic,2
2026-05-14,Ft. Zumwalt West,1,Timberland,6
2026-05-14,Ft. Zumwalt South,3,Troy Buchanan,4
2026-05-14,Fatima,4,Union,5
2026-05-14,Lafayette (Wildwood),4,Vianney,2
2026-05-14,Smith-Cotton,14,Warrensburg,12
2026-05-14,Ft. Zumwalt North,7,Warrenton,5
2026-05-14,Seneca,2,Webb City,3
2026-05-14,MICDS,13,Westminster Christian Academy,8
2026-05-14,Hazelwood West,2,Windsor (Imperial),6
2026-05-15,Cooter,10,Risco,1
2026-05-15,South Pemiscot,9,Naylor,2
2026-05-15,Advance,4,Leopold,8
2026-05-15,Oran,4,Bell City,0
2026-05-15,Ellington,10,Bunker with Lesterville,0
2026-05-15,Chadwick,16,Niangua,1
2026-05-15,Leeton,4,Miami (Amoret),3
2026-05-15,Liberal,16,Montrose with Ballard,8
2026-05-15,North Harrison,5,Princeton,6
2026-05-15,Gilman City with North Daviess,4,Albany,6
2026-05-15,South Nodaway with Jefferson (Conception),1,North Andrew,16
2026-05-15,South Holt,15,North Nodaway,0
2026-05-15,Chaffee,11,Puxico,7
2026-05-15,Greenville,4,Bernie,16
2026-05-15,South Shelby,2,Louisiana,19
2026-05-15,Paris with Faith Walk,13,Van-Far,4
2026-05-15,Canton,9,Knox County,3
2026-05-15,Putnam County,11,Milan,1
2026-05-15,"Northwestern (Mendon) with Brunswick, Keytesville",1,Westran,16
2026-05-15,Marceline,9,Slater,2
2026-05-15,Fordland,6,Greenwood,5
2026-05-15,Spokane,3,New Covenant Academy,9
2026-05-15,Purdy,4,New Heights Christian,2
2026-05-15,Miller,4,Jasper,0
2026-05-15,Pleasant Hope,14,Osceola,1
2026-05-15,Marion C. Early,16,Humansville with Fair Play,1
2026-05-15,Tipton,12,Green Ridge with La Monte,1
2026-05-15,Windsor,2,Sacred Heart,3
2026-05-15,Maysville,14,Northeast Nodaway with Worth County,4
2026-05-15,King City with Union Star,2,Gallatin,0
2026-05-15,Monroe City,9,Highland,4
2026-05-15,Centralia,8,Hermann,1
2026-05-15,North Callaway,6,South Callaway,4
2026-05-15,Liberty (Mountain View),2,Willow Springs,3
2026-05-15,Seymour,13,Cabool,5
2026-05-15,Pierce City,6,Southwest (Washburn),4
2026-05-15,El Dorado Springs,4,Conway,11
2026-05-15,Blair Oaks,15,Versailles,0
2026-05-15,Warsaw,5,Cole Camp,4
2026-05-15,Butler,4,Lafayette County,3
2026-05-15,Lexington,6,Brookfield,8
2026-05-15,Doniphan,12,Fredericktown,2
2026-05-15,Pleasant Hill,3,Clinton,2
2026-05-15,Willard,11,Bolivar,2
2026-05-15,Westminster Christian Academy,1,De Smet Jesuit,12
2026-05-15,Sikeston,4,Dexter,6
2026-05-15,Webster Groves,0,Eureka,9
2026-05-15,North Point,6,Helias Catholic,7
2026-05-15,Ft. Zumwalt East,9,John Burroughs,0
2026-05-15,McDonald County,2,Joplin,9
2026-05-15,Winnetonka,9,Kearney,8
2026-05-15,Liberty (Wentzville),1,Lafayette (Wildwood),11
2026-05-15,Park Hill,1,Liberty,11
2026-05-15,Blue Springs South,14,Liberty North,3
2026-05-15,Festus,3,Marquette,8
2026-05-15,Joplin,9,McDonald County,2
2026-05-15,Central (St. Joseph),5,North Kansas City,3
2026-05-15,Park Hill South,1,Oak Park,2
2026-05-15,Parkway Central,10,Parkway North,1
2026-05-15,Lincoln College Prep,20,Raytown South,3
2026-05-15,Moberly,0,Rock Bridge,8
2026-05-15,Lindbergh,10,Rockwood Summit,11
2026-05-15,Mehlville,8,Rolla,12
2026-05-15,Truman,21,Ruskin,0
2026-05-15,Ft. Zumwalt West,6,St. Dominic,7
2026-05-15,Lee's Summit,3,Staley,2
2026-05-15,Belton,0,William Chrisman,14
2026-05-16,Cooter,13,South Pemiscot,2
2026-05-16,Campbell,2,Senath-Hornersville,3
2026-05-16,Holcomb,10,Malden,0
2026-05-16,Veritas Christian Academy,6,Brentwood,5
2026-05-16,St. Vincent,9,Meadow Heights,11
2026-05-16,Kelly,6,Twin Rivers,0
2026-05-16,Caruthersville with Hayti,2,East Prairie,1
2026-05-16,Jefferson (Festus),18,Grandview (Hillsboro),0
2026-05-16,West County,1,St. Pius X (Festus),12
2026-05-16,Valley Park,3,Lutheran North,2
2026-05-16,Duchesne,15,Elsberry,5
2026-05-16,Montgomery County,5,Bowling Green,0
2026-05-16,Diamond,10,Pierce City,0
2026-05-16,Lamar,6,Sarcoxie,5
2026-05-16,Central (Park Hills),10,Perryville,6
2026-05-16,Potosi,7,St. James,1
2026-05-16,St. Clair,2,Sullivan,11
2026-05-16,Bayless,6,Principia with Whitfield,4
2026-05-16,Affton,15,Maplewood-Richmond Hts.,0
2026-05-16,Winfield,6,Lutheran St. Charles,5
2026-05-16,Mt. Vernon,13,Buffalo,4
2026-05-16,Reeds Spring,4,Mountain Grove,0
2026-05-16,East Newton,6,Cassville,5
2026-05-16,University Academy Charter with Ewing Marion Kauffman,15,Southeast,0
2026-05-16,Richmond,23,Central (Kansas City),1
2026-05-16,Lafayette (St. Joseph),6,Maryville,1
2026-05-16,Neosho,7,Branson,6
2026-05-16,Hickman,6,Father Tolton,3
2026-05-16,Parkway North,2,Webster Groves,12
2026-05-18,Northwest (Hughesville),0,Pilot Grove,1
2026-05-18,New Franklin,2,Sweet Springs,1
2026-05-18,Norwood,5,Ellington,3
2026-05-18,Summersville,4,Chadwick,3
2026-05-18,Billings,6,Exeter,2
2026-05-18,Galena,5,Wheaton,4
2026-05-18,Wheatland,1,Halfway,3
2026-05-18,Dadeville,14,Hermitage,4
2026-05-18,Appleton City,9,Leeton,7
2026-05-18,Lakeland,10,Liberal,0
2026-05-18,Northland Christian,13,Kingsville,0
2026-05-18,Wellington-Napoleon,8,Concordia,3
2026-05-18,Portageville,11,Senath-Hornersville,1
2026-05-18,Neelyville,2,Holcomb,1
2026-05-18,Van Buren,1,Bakersfield,8
2026-05-18,East Carter,16,Winona,1
2026-05-18,Chaffee,3,Bernie,2
2026-05-18,Veritas Christian Academy,8,Meadow Heights,7
2026-05-18,Schuyler County,10,Canton,1
2026-05-18,Scotland County,2,Putnam County,6
2026-05-18,Salisbury,11,Westran,1
2026-05-18,Fayette,4,Marceline,1
2026-05-18,Fordland,15,New Covenant Academy,0
2026-05-18,Purdy,0,Miller,4
2026-05-18,Skyline,11,Pleasant Hope,1
2026-05-18,Lincoln,15,Marion C. Early,5
2026-05-18,Tipton,2,Sacred Heart,1
2026-05-18,Scott City,17,Woodland,2
2026-05-18,Saxony Lutheran,5,Arcadia Valley,1
2026-05-18,Palmyra,10,Monroe City,0
2026-05-18,Clark County,0,Macon,1
2026-05-18,Centralia,7,North Callaway,2
2026-05-18,Licking,12,Willow Springs,2
2026-05-18,Houston,10,Thayer,0
2026-05-18,Forsyth,7,Seymour,1
2026-05-18,Ava,11,Sparta,1
2026-05-18,Diamond,2,Lamar,14
2026-05-18,Fair Grove,15,Conway,1
2026-05-18,Ash Grove,4,Stockton,2
2026-05-18,Blair Oaks,11,Warsaw,0
2026-05-18,Lone Jack,8,Butler,0
2026-05-18,Adrian,0,Holden,6
2026-05-18,Notre Dame (Cape Girardeau),15,Doniphan,0
2026-05-18,Kennett,1,Dexter,3
2026-05-18,Mexico,3,Winfield,2
2026-05-18,Fulton,1,Wright City,0
2026-05-18,Marshall,3,Hallsville,2
2026-05-18,Boonville,9,Kirksville,0
2026-05-18,Osage,7,California,8
2026-05-18,Springfield Catholic,10,Mt. Vernon,0
2026-05-18,Strafford,5,Bolivar,4
2026-05-18,Logan-Rogersville,10,Reeds Spring,0
2026-05-18,Hollister,14,Clever,2
2026-05-18,Seneca,10,East Newton,0
2026-05-18,Aurora,15,Monett,1
2026-05-18,Harrisonville,4,Pleasant Hill,0
2026-05-18,Nevada,11,Knob Noster,1
2026-05-18,Excelsior Springs,10,Richmond,0
2026-05-18,Oak Grove,11,Odessa,6
2026-05-18,Sikeston,2,Central (Cape Girardeau),4
2026-05-18,Farmington,1,DeSoto,3
2026-05-18,Poplar Bluff,3,Hillsboro,6
2026-05-18,Willard,15,Central (Springfield),0
2026-05-18,West Plains,9,Hillcrest,2
2026-05-18,Webb City,24,Parkview,2
2026-05-18,Carl Junction,10,McDonald County,0
2026-05-18,Jackson,5,Fox,4
2026-05-18,Oakville,0,Lindbergh,4
2026-05-18,Seckman,3,Northwest (Cedar Hill),0
2026-05-18,Vianney,1,Kirkwood,0
2026-05-18,Liberty,5,North Kansas City,3
2026-05-18,Park Hill South,2,Park Hill,4
2026-05-18,Liberty North,10,Oak Park,9
2026-05-18,Staley,6,Central (St. Joseph),0
2026-05-19,Valle Catholic,15,Oak Ridge,3
2026-05-19,Valle Catholic,6,South Iron,0
2026-05-19,Oak Ridge,7,Valley,4
2026-05-19,North Shelby,10,Wellsville-Middletown,0
2026-05-19,Community,0,New Haven,2
2026-05-19,Atlanta,10,Bevier,0
2026-05-19,Brashear with Novinger,2,La Plata,10
2026-05-19,Sturgeon,20,Prairie Home with Bunceton,3
2026-05-19,Jamestown,1,Northeast (Cairo),4
2026-05-19,St. Elizabeth,7,Stoutland,0
2026-05-19,Vienna,1,Calvary Lutheran,0
2026-05-19,Stoutland,6,Macks Creek,2
2026-05-19,Calvary Lutheran,6,Climax Springs,5
2026-05-19,Appleton City,10,Lakeland,4
2026-05-19,Northland Christian,6,Wellington-Napoleon,0
2026-05-19,Rock Port,12,North Andrew,0
2026-05-19,West Nodaway with Nodaway-Holt,4,South Holt,6
2026-05-19,Portageville,2,Neelyville,1
2026-05-19,Silex,15,Louisiana,0
2026-05-19,Clopton,6,Paris with Faith Walk,4
2026-05-19,Russellville,4,Linn,1
2026-05-19,New Bloomfield,2,Eugene,12
2026-05-19,St. Paul Lutheran (Concordia),10,Midway,4
2026-05-19,Archie,4,Barstow,14
2026-05-19,Faith Christian Academy,7,Bishop LeBlond,3
2026-05-19,Plattsburg,3,North Platte,10
2026-05-19,Scott City,2,Saxony Lutheran,0
2026-05-19,Palmyra,5,Macon,17
2026-05-19,Carrollton,15,Brookfield,0
2026-05-19,Lawson,14,Trenton,0
2026-05-19,Mid-Buchanan,8,Lathrop,0
2026-05-19,West Platte,13,East Buchanan,0
2026-05-19,Springfield Catholic,8,Strafford,2
2026-05-19,Seneca,2,Aurora,12
2026-05-19,Pembroke Hill,10,University Academy Charter with Ewing Marion Kauffman,0
2026-05-19,St. Michael the Archangel,6,Center,0
2026-05-19,Benton,10,Lafayette (St. Joseph),0
2026-05-19,Chillicothe,7,Savannah,2
2026-05-19,St. Dominic,15,Hazelwood East,0
2026-05-19,Hannibal,1,Holt,0
2026-05-19,Ft. Zumwalt East,10,McCluer North,0
2026-05-19,Warrenton,2,Ft. Zumwalt South,5
2026-05-19,Summit Christian Academy,15,Ruskin,0
2026-05-19,Raytown,6,Raytown South,5
2026-05-19,William Chrisman,15,Van Horn,0
2026-05-19,Grandview,5,Belton,1
2026-05-19,Kearney,18,Northeast (Kansas City),0
2026-05-19,Winnetonka,0,Smithville,2
2026-05-19,Platte County,15,East (Kansas City),0
2026-05-19,St. Pius X (Kansas City),4,Lincoln College Prep,0
2026-05-19,Jackson,1,Lindbergh,5
2026-05-19,Seckman,0,Vianney,2
2026-05-19,Rolla,1,Parkway South,0
2026-05-19,Lafayette (Wildwood),10,Waynesville,0
2026-05-19,Marquette,14,Parkway West,2
2026-05-19,Francis Howell,5,Ft. Zumwalt North,0
2026-05-19,North Point,6,Troy Buchanan,3
2026-05-19,Francis Howell Central,2,Liberty (Wentzville),0
2026-05-19,Ft. Zumwalt West,2,Timberland,1
2026-05-19,Blue Springs South,5,Battle with Columbia Independent,1
2026-05-19,Grain Valley,2,Fort Osage,4
2026-05-19,Rock Bridge,10,Blue Springs,0
2026-05-19,Smith-Cotton,2,Hickman,4
2026-05-20,Oran,4,Leopold,9
2026-05-20,North Shelby,14,New Haven,0
2026-05-20,Atlanta,10,La Plata,0
2026-05-20,Sturgeon,6,Northeast (Cairo),5
2026-05-20,New Franklin,0,Pilot Grove,9
2026-05-20,St. Elizabeth,1,Vienna,0
2026-05-20,Norwood,5,Summersville,2
2026-05-20,Billings,5,Galena,4
2026-05-20,Dadeville,4,Halfway,2
2026-05-20,Meadville with Linn County,7,Osborn with Stewartsville,5
2026-05-20,DeKalb,5,Braymer with Breckenridge,4
2026-05-20,Albany,3,Princeton,0
2026-05-20,Rock Port,7,South Holt,0
2026-05-20,Gainesville,8,Bakersfield,1
2026-05-20,Alton,2,East Carter,4
2026-05-20,Schuyler County,7,Putnam County,4
2026-05-20,Salisbury,9,Fayette,1
2026-05-20,Russellville,2,Eugene,7
2026-05-20,Mansfield,0,Richland,5
2026-05-20,Hartville,5,Richland,6
2026-05-20,Crocker,1,Mansfield,7
2026-05-20,Skyline,12,Lincoln,0
2026-05-20,Faith Christian Academy,12,North Platte,0
2026-05-20,Maysville,4,King City with Union Star,7
2026-05-20,Kelly,4,Caruthersville with Hayti,0
2026-05-20,Jefferson (Festus),10,St. Pius X (Festus),3
2026-05-20,Duchesne,10,Montgomery County,0
2026-05-20,Belle,9,Cuba,4
2026-05-20,Fatima,16,Dixon,0
2026-05-20,Licking,5,Houston,0
2026-05-20,Forsyth,2,Ava,1
2026-05-20,Fair Grove,6,Ash Grove,1
2026-05-20,Lone Jack,0,Holden,5
2026-05-20,Carrollton,3,Lawson,2
2026-05-20,Notre Dame (Cape Girardeau),7,Dexter,1
2026-05-20,North County,8,Central (Park Hills),1
2026-05-20,Herculaneum,4,Ste. Genevieve,3
2026-05-20,Potosi,7,Sullivan,4
2026-05-20,Westminster Christian Academy,6,Bayless,2
2026-05-20,Lutheran South,3,Affton,2
2026-05-20,Clayton,15,Cardinal Ritter,0
2026-05-20,Metro,15,Gateway Science Charter,0
2026-05-20,Orchard Farm,18,Jennings,0
2026-05-20,St. Charles West,2,St. Charles,10
2026-05-20,Mexico,3,Fulton,2
2026-05-20,Moberly,4,Marshall,1
2026-05-20,Southern Boone,3,Boonville,2
2026-05-20,Helias Catholic,15,California,0
2026-05-20,Eldon,5,Owensville,1
2026-05-20,Logan-Rogersville,4,Hollister,2
2026-05-20,Harrisonville,4,Nevada,2
2026-05-20,Pembroke Hill,0,St. Michael the Archangel,8
2026-05-20,Excelsior Springs,5,Oak Grove,3
2026-05-20,Festus,5,Central (Cape Girardeau),4
2026-05-20,Hillsboro,2,DeSoto,7
2026-05-20,Chaminade College Prep,13,Gateway with Soldan International Studies,0
2026-05-20,John Burroughs,0,Webster Groves,5
2026-05-20,MICDS,11,University City,2
2026-05-20,Mehlville,6,Windsor (Imperial),3
2026-05-20,Rockwood Summit,16,Parkway North,1
2026-05-20,De Smet Jesuit,5,St. Francis Borgia,4
2026-05-20,Union,1,Pacific,0
2026-05-20,Parkway Central,0,Washington,7
2026-05-20,St. Dominic,11,Hannibal,1
2026-05-20,Ft. Zumwalt East,9,Ft. Zumwalt South,3
2026-05-20,Jefferson City,5,Capital City,12
2026-05-20,Warrensburg,6,Lebanon,1
2026-05-20,Father Tolton,1,Camdenton,0
2026-05-20,Willard,3,West Plains,2
2026-05-20,Webb City,4,Carl Junction,0
2026-05-20,SLUH,12,Hazelwood Central,0
2026-05-20,Ladue Horton Watkins,4,Pattonville,0
2026-05-20,Christian Brothers College,8,Ritenour,1
2026-05-20,Francis Howell North,10,Hazelwood West,0
2026-05-20,Francis Howell,0,North Point,3
2026-05-20,Francis Howell Central,6,Ft. Zumwalt West,0
2026-05-20,Blue Springs South,10,Fort Osage,0
2026-05-20,Rock Bridge,8,Hickman,1
2026-05-20,Glendale,2,Republic,3
2026-05-20,Ozark,2,Joplin,1
2026-05-20,Nixa,2,Branson,1
2026-05-20,Kickapoo,8,Neosho,2
2026-05-20,Liberty,4,Park Hill,5
2026-05-20,Liberty North,5,Staley,8
2026-05-21,Meadville with Linn County,11,DeKalb,1
2026-05-21,Gainesville,2,East Carter,8
2026-05-21,Silex,9,Clopton,0
2026-05-21,St. Paul Lutheran (Concordia),10,Barstow,3
2026-05-21,Belle,0,Fatima,5
2026-05-21,Mid-Buchanan,9,West Platte,2
2026-05-21,North County,8,Herculaneum,0
2026-05-21,Westminster Christian Academy,4,Lutheran South,1
2026-05-21,Orchard Farm,7,St. Charles,6
2026-05-21,Helias Catholic,4,Eldon,6
2026-05-21,Benton,6,Chillicothe,2
2026-05-21,St. Dominic,4,Ft. Zumwalt East,0
2026-05-21,Marshfield,12,Capital City,1
2026-05-21,Warrensburg,5,Father Tolton,10
2026-05-21,Summit Christian Academy,10,Raytown,0
2026-05-21,William Chrisman,4,Grandview,3
2026-05-21,Kearney,4,Smithville,2
2026-05-21,Platte County,2,St. Pius X (Kansas City),0
2026-05-21,Vianney,2,Lindbergh,1
2026-05-21,Eureka,1,Rolla,0
2026-05-21,Lafayette (Wildwood),4,Marquette,0
2026-05-21,SLUH,15,Ladue Horton Watkins,0
2026-05-21,Christian Brothers College,7,Francis Howell North,6
2026-05-21,Ozark,6,Republic,4
2026-05-21,Nixa,2,Kickapoo,3
2026-05-21,Lee's Summit North,10,Lee's Summit West,3
2026-05-21,Lee's Summit,8,Truman,1
2026-05-21,Raymore-Peculiar,11,Carthage,1
2026-05-22,Clayton,12,Metro,0
2026-05-22,Moberly,2,Southern Boone,0
2026-05-22,Festus,2,DeSoto,1
2026-05-22,Chaminade College Prep,7,Webster Groves,0
2026-05-22,MICDS,6,Mehlville,5
2026-05-22,Rockwood Summit,4,De Smet Jesuit,1
2026-05-22,Union,2,Washington,3
2026-05-22,Willard,7,Webb City,0
2026-05-22,Eureka,1,Lafayette (Wildwood),4
2026-05-22,Francis Howell Central,2,North Point,0
2026-05-22,Blue Springs South,8,Rock Bridge,2
2026-05-22,Kickapoo,1,Ozark,0
2026-05-22,Rockhurst,4,Lee's Summit North,2
2026-05-22,Lee's Summit,5,Raymore-Peculiar,4
2026-05-22,Staley,11,Park Hill,0
2026-05-23,Chaminade College Prep,5,MICDS,1
2026-05-23,Rockwood Summit,2,Washington,0
2026-05-23,Marshfield,9,Father Tolton,6
2026-05-23,Summit Christian Academy,3,William Chrisman,1
2026-05-23,Kearney,3,Platte County,7
2026-05-23,SLUH,5,Christian Brothers College,8
2026-05-23,Rockhurst,5,Lee's Summit,0
2026-05-25,Leopold,0,Cooter,7
2026-05-25,North Shelby,9,Valle Catholic,8
2026-05-25,Sturgeon,0,Atlanta,2
2026-05-25,St. Elizabeth,11,Pilot Grove,1
2026-05-25,Billings,1,Norwood,2
2026-05-25,Appleton City,1,Dadeville,3
2026-05-25,Meadville with Linn County,3,Northland Christian,13
2026-05-25,Rock Port,3,Albany,2
2026-05-25,East Carter,3,Portageville,4
2026-05-25,Veritas Christian Academy,4,Chaffee,0
2026-05-25,Schuyler County,9,Silex,3
2026-05-25,Eugene,1,Salisbury,0
2026-05-25,Fordland,5,Richland,0
2026-05-25,Skyline,2,Miller,7
2026-05-25,St. Paul Lutheran (Concordia),16,Tipton,1
2026-05-25,King City with Union Star,4,Faith Christian Academy,9
2026-05-26,Scott City,4,Kelly,2
2026-05-26,Valley Park,3,Jefferson (Festus),4
2026-05-26,Macon,0,Duchesne,1
2026-05-26,Fatima,2,Centralia,0
2026-05-26,Forsyth,1,Licking,3
2026-05-26,Fair Grove,7,Lamar,1
2026-05-26,Holden,1,Blair Oaks,4
2026-05-26,Mid-Buchanan,6,Carrollton,9
2026-05-26,Westminster Christian Academy,4,Potosi,3
2026-05-26,Orchard Farm,9,Clayton,2
2026-05-26,Moberly,1,Mexico,4
2026-05-26,Springfield Catholic,12,Eldon,3
2026-05-26,Aurora,5,Logan-Rogersville,6
2026-05-26,St. Michael the Archangel,6,Harrisonville,1
2026-05-26,Benton,4,Excelsior Springs,8
2026-05-27,North Shelby,2,Cooter,1
2026-05-27,St. Elizabeth,1,Atlanta,0
2026-05-27,Dadeville,11,Norwood,2
2026-05-27,Rock Port,0,Northland Christian,2
2026-05-27,Veritas Christian Academy,5,Portageville,13
2026-05-27,Eugene,6,Schuyler County,2
2026-05-27,Miller,6,Fordland,3
2026-05-27,Faith Christian Academy,4,St. Paul Lutheran (Concordia),2
2026-05-27,North County,1,Notre Dame (Cape Girardeau),2
2026-05-28,Jefferson (Festus),3,Scott City,4
2026-05-28,Fatima,0,Duchesne,2
2026-05-28,Fair Grove,2,Licking,3
2026-05-28,Carrollton,0,Blair Oaks,12
2026-05-28,Westminster Christian Academy,2,Notre Dame (Cape Girardeau),1
2026-05-28,Mexico,3,Orchard Farm,13
2026-05-28,Excelsior Springs,8,St. Michael the Archangel,7
2026-05-29,Logan-Rogersville,0,Springfield Catholic,12
2026-05-29,Chaminade College Prep,5,Festus,0
2026-05-29,Willard,6,Marshfield,0
2026-05-29,St. Dominic,7,Rockwood Summit,3
2026-05-29,Platte County,7,Summit Christian Academy,4
2026-05-29,Kickapoo,3,Blue Springs South,1
2026-05-29,Francis Howell Central,2,Christian Brothers College,1
2026-05-29,Staley,1,Rockhurst,0
2026-05-29,Lafayette (Wildwood),5,Vianney,4
2026-05-30,Chaminade College Prep,17,Festus,4
2026-05-30,Willard,13,Marshfield,3
2026-05-30,St. Dominic,6,Rockwood Summit,3
2026-05-30,Platte County,4,Summit Christian Academy,16
2026-05-30,Platte County,5,Summit Christian Academy,0
2026-05-30,Kickapoo,1,Blue Springs South,4
2026-05-30,Kickapoo,2,Blue Springs South,18
2026-05-30,Francis Howell Central,1,Christian Brothers College,2
2026-05-30,Francis Howell Central,2,Christian Brothers College,9
2026-05-30,Staley,1,Rockhurst,6
2026-05-30,Staley,0,Rockhurst,11
2026-05-30,Lafayette (Wildwood),0,Vianney,4
2026-05-31,Lafayette (Wildwood),1,Vianney,2
2026-06-01,St. Elizabeth,11,North Shelby,1
2026-06-01,Northland Christian,12,Dadeville,1
2026-06-01,Eugene,0,Portageville,1
2026-06-01,Faith Christian Academy,6,Miller,0
2026-06-02,Northland Christian,10,St. Elizabeth,0
2026-06-02,Dadeville,3,North Shelby,12
2026-06-02,Faith Christian Academy,5,Portageville,4
2026-06-02,Miller,11,Eugene,2
2026-06-03,Duchesne,8,Scott City,0
2026-06-03,Blair Oaks,10,Licking,0
2026-06-03,Orchard Farm,11,Westminster Christian Academy,10
2026-06-03,Excelsior Springs,2,Springfield Catholic,0
2026-06-04,Blair Oaks,11,Duchesne,1
2026-06-04,Licking,6,Scott City,1
2026-06-04,Excelsior Springs,2,Orchard Farm,0
2026-06-04,Springfield Catholic,4,Westminster Christian Academy,3
